0,1,2,3,4,5,6,7,8,9,10,11,12,13,14,15,16,17,18,19,20
0359a,0577a,2,1,1,0,2,2,0,1,2,2,1,1,0,2,2,0,2,2,0
0359a,1120a,2,1,1,3,2,2,0,2,2,2,1,1,0,2,2,0,2,2,0
0359a,1120b,1,1,1,0,2,2,0,2,2,2,1,1,0,2,2,0,2,2,0
0359a,1120c,2,1,1,0,2,2,0,0,2,2,1,1,0,2,2,0,2,2,0
0359a,1121a,2,1,1,3,2,2,0,1,2,2,1,1,0,2,2,0,2,2,0
0359a,1121b,2,1,1,0,2,2,0,3,2,2,1,1,0,2,2,0,2,2,0
0359a,1121c,1,1,1,0,2,2,0,1,2,2,1,1,0,2,2,0,2,2,0
0359a,1229b,1,1,1,3,2,2,0,2,2,2,1,1,0,2,2,0,2,2,0
0359a,1302a,2,1,1,3,2,2,0,0,2,2,1,1,0,2,2,0,2,2,0
0359a,1302b,3,1,1,0,2,2,0,2,2,2,1,1,0,2,2,0,2,2,0
0359a,1302c,2,1,1,3,2,2,0,3,2,2,1,1,0,2,2,0,2,2,0
0359a,1305a,1,1,1,0,2,2,0,0,2,2,1,1,0,2,2,0,2,2,0
0359a,1305b,2,1,1,0,2,2,1,2,2,2,1,1,0,2,2,0,2,2,0
0359a,1305c,1,1,1,3,2,2,0,1,2,2,1,1,0,2,2,0,2,2,0
0359a,1386a,1,1,1,0,2,2,0,3,2,2,1,1,0,2,2,0,2,2,0
0359a,1386b,3,1,1,0,2,2,0,1,2,2,1,1,0,2,2,0,2,2,0
0359a,1386c,3,1,1,3,2,2,0,2,2,2,1,1,0,2,2,0,2,2,0
0359a,1391c,2,1,1,0,2,2,1,1,2,2,1,1,0,2,2,0,2,2,0
0359a,1489a,1,1,1,3,2,2,0,0,2,2,1,1,0,2,2,0,2,2,0
0359a,1489b,2,1,1,3,2,2,1,2,2,2,1,1,0,2,2,0,2,2,0
0359a,1517a,2,1,1,1,2,2,0,2,2,2,1,1,0,2,2,0,2,2,0
0359a,1517b,1,1,1,3,2,2,0,3,2,2,1,1,0,2,2,0,2,2,0
0359a,0331b,3,1,1,0,2,2,0,0,2,2,1,1,0,2,2,0,2,2,0
0359a,0367a,2,1,1,0,2,2,0,4,2,2,1,1,0,2,2,0,2,2,0
0359a,0367b,1,1,1,0,2,2,1,2,2,2,1,1,0,2,2,0,2,2,0
0359a,0367c,3,1,1,3,2,2,0,1,2,2,1,1,0,2,2,0,2,2,0
0359a,0379b,3,1,1,0,2,2,0,3,2,2,1,1,0,2,2,0,2,2,0
0359a,0458a,2,1,1,0,2,2,1,0,2,2,1,1,0,2,2,0,2,2,0
0359a,0565a,2,1,1,3,2,2,1,1,2,2,1,1,0,2,2,0,2,2,0
0359a,0565b,2,1,1,0,2,2,1,3,2,2,1,1,0,2,2,0,2,2,0
0359a,0565c,2,1,1,1,2,2,0,1,2,2,1,1,0,2,2,0,2,2,0
0359a,1254c,1,1,1,0,2,2,1,1,2,2,1,1,0,2,2,0,2,2,0
0359a,1362a,3,1,1,3,2,2,0,0,2,2,1,1,0,2,2,0,2,2,0
0359a,1362b,2,1,1,3,2,2,0,4,2,2,1,1,0,2,2,0,2,2,0
0359a,1446a,1,1,1,3,2,2,1,2,2,2,1,1,0,2,2,0,2,2,0
0359a,1446b,1,1,1,1,2,2,0,2,2,2,1,1,0,2,2,0,2,2,0
0359a,1446c,3,1,1,3,2,2,0,3,2,2,1,1,0,2,2,0,2,2,0
0359a,1454b,2,1,1,3,2,2,1,0,2,2,1,1,0,2,2,0,2,2,0
0359a,1454c,1,1,1,0,2,2,0,4,2,2,1,1,0,2,2,0,2,2,0
0359a,1455a,3,1,1,0,2,2,1,2,2,2,1,1,0,2,2,0,2,2,0
0359a,1455b,2,1,1,1,2,2,0,0,2,2,1,1,0,2,2,0,2,2,0
0359a,1455c,2,1,1,3,2,2,1,3,2,2,1,1,0,2,2,0,2,2,0
0359a,1510b,1,1,1,0,2,2,1,0,2,2,1,1,0,2,2,0,2,2,0
0359a,1510c,2,1,1,1,2,2,0,3,2,2,1,1,0,2,2,0,2,2,0
0359a,1534b,1,1,1,3,2,2,1,1,2,2,1,1,0,2,2,0,2,2,0
0359a,1540b,1,1,1,0,2,2,1,3,2,2,1,1,0,2,2,0,2,2,0
0359a,1300a,1,1,1,1,2,2,0,1,2,2,1,1,0,2,2,0,2,2,0
0359a,1300b,2,1,1,0,2,1,0,2,2,2,1,1,0,2,2,0,2,2,0
0359a,1300c,3,1,1,0,2,2,1,1,2,2,1,1,0,2,2,0,2,2,0
0359a,1309a,0,1,1,0,2,2,0,2,2,2,1,1,0,2,2,0,2,2,0
0359a,1453a,1,1,1,3,2,2,0,4,2,2,1,1,0,2,2,0,2,2,0
0359a,1453b,3,1,1,3,2,2,1,2,2,2,1,1,0,2,2,0,2,2,0
0359a,1453c,2,1,1,0,2,2,0,2,1,2,1,1,0,2,2,0,2,2,0
0359a,1482b,1,1,1,3,2,2,1,0,2,2,1,1,0,2,2,0,2,2,0
0359a,1518c,2,1,1,0,2,1,0,1,2,2,1,1,0,2,2,0,2,2,0
0359a,1543a,3,1,1,0,2,2,0,4,2,2,1,1,0,2,2,0,2,2,0
0359a,0584a,1,1,1,1,2,2,0,0,2,2,1,1,0,2,2,0,2,2,0
0359a,0584b,2,1,1,1,2,2,1,2,2,2,1,1,0,2,2,0,2,2,0
0359a,0584c,0,1,1,0,2,2,0,1,2,2,1,1,0,2,2,0,2,2,0
0359a,1127a,1,1,1,3,2,2,1,3,2,2,1,1,0,2,2,0,2,2,0
0359a,1127b,3,1,1,0,2,2,1,0,2,2,1,1,0,2,2,0,2,2,0
0359a,1127c,2,4,1,0,2,2,0,2,2,2,1,1,0,2,2,0,2,2,0
0359a,1274a,1,1,1,1,2,2,0,3,2,2,1,1,0,2,2,0,2,2,0
0359a,1284a,2,1,1,0,2,2,1,4,2,2,1,1,0,2,2,0,2,2,0
0359a,1360b,2,0,1,0,2,2,0,2,2,2,1,1,0,2,2,0,2,2,0
0359a,1364b,3,1,1,3,2,2,1,1,2,2,1,1,0,2,2,0,2,2,0
0359a,1490c,0,1,1,3,2,2,0,2,2,2,1,1,0,2,2,0,2,2,0
0359a,1491a,3,1,1,0,2,2,1,3,2,2,1,1,0,2,2,0,2,2,0
0359a,1491b,2,1,1,0,2,2,0,1,1,2,1,1,0,2,2,0,2,2,0
0359a,0321c,2,1,1,2,2,2,0,2,2,2,1,1,0,2,2,0,2,2,0
0359a,0451a,2,1,1,0,2,1,0,0,2,2,1,1,0,2,2,0,2,2,0
0359a,0503a,2,1,1,0,2,3,0,2,2,2,1,1,0,2,2,0,2,2,0
0359a,0503b,2,1,1,1,2,2,1,1,2,2,1,1,0,2,2,0,2,2,0
0359a,0561a,2,1,1,3,2,1,0,1,2,2,1,1,0,2,2,0,2,2,0
0359a,0561b,3,1,1,3,2,2,0,4,2,2,1,1,0,2,2,0,2,2,0
0359a,0571b,0,1,1,0,2,2,0,0,2,2,1,1,0,2,2,0,2,2,0
0359a,0600a,2,1,1,0,2,1,0,3,2,2,1,1,0,2,2,0,2,2,0
0359a,0600b,0,1,1,3,2,2,0,1,2,2,1,1,0,2,2,0,2,2,0
0359a,0600c,3,1,1,3,2,2,1,0,2,2,1,1,0,2,2,0,2,2,0
0359a,1137a,1,1,1,0,2,1,0,1,2,2,1,1,0,2,2,0,2,2,0
0359a,1230a,0,1,1,0,2,2,0,3,2,2,1,1,0,2,2,0,2,2,0
0359a,1230c,2,4,1,3,2,2,0,2,2,2,1,1,0,2,2,0,2,2,0
0359a,1248a,2,1,1,3,2,2,1,4,2,2,1,1,0,2,2,0,2,2,0
0359a,1248b,3,1,1,1,2,2,0,0,2,2,1,1,0,2,2,0,2,2,0
0359a,1248c,1,1,1,1,2,2,1,2,2,2,1,1,0,2,2,0,2,2,0
0359a,1335a,2,1,1,0,2,3,0,1,2,2,1,1,0,2,2,0,2,2,0
0359a,1378b,3,1,1,3,2,2,1,3,2,2,1,1,0,2,2,0,2,2,0
0359a,1378c,1,1,1,3,2,1,0,2,2,2,1,1,0,2,2,0,2,2,0
0359a,1432c,2,2,1,0,2,2,0,2,2,2,1,1,0,2,2,0,2,2,0
0359a,1481a,3,1,1,1,2,2,0,3,2,2,1,1,0,2,2,0,2,2,0
0359a,1481b,2,1,1,1,2,2,1,0,2,2,1,1,0,2,2,0,2,2,0
0359a,1481c,2,1,1,3,2,1,0,0,2,2,1,1,0,2,2,0,2,2,0
0359a,1487a,2,1,1,3,2,3,0,2,2,2,1,1,0,2,2,0,2,2,0
0359a,1512b,2,0,1,0,2,2,0,0,2,2,1,1,0,2,2,0,2,2,0
0359a,1512c,2,1,1,1,2,2,1,3,2,2,1,1,0,2,2,0,2,2,0
0359a,1528c,0,1,1,3,2,2,0,0,2,2,1,1,0,2,2,0,2,2,0
0359a,1565a,2,4,1,3,2,2,0,1,2,2,1,1,0,2,2,0,2,2,0
0359a,0338b,2,1,1,3,2,1,0,3,2,2,1,1,0,2,2,0,2,2,0
0359a,0422a,1,1,1,0,2,1,0,0,2,2,1,1,0,2,2,0,2,2,0
0359a,0422b,2,4,1,0,2,2,0,3,2,2,1,1,0,2,2,0,2,2,0
0359a,0422c,2,0,1,0,2,2,0,3,2,2,1,1,0,2,2,0,2,2,0
0359a,0472b,2,1,1,0,2,1,1,2,2,2,1,1,0,2,2,0,2,2,0
0359a,1227a,1,1,1,3,2,1,0,1,2,2,1,1,0,2,2,0,2,2,0
0359a,1382c,2,2,1,0,2,2,0,1,2,2,1,1,0,2,2,0,2,2,0
0359a,1445a,0,1,1,3,2,2,0,3,2,2,1,1,0,2,2,0,2,2,0
0359a,1445b,2,1,1,2,2,2,0,0,2,2,1,1,0,2,2,0,2,2,0
0359a,1445c,2,1,1,0,2,3,0,0,2,2,1,1,0,2,2,0,2,2,0
0359a,1486a,1,0,1,0,2,2,0,1,2,2,1,1,0,2,2,0,2,2,0
0359a,1510a,1,1,1,0,2,1,0,3,2,2,1,1,0,2,2,0,2,2,0
0359a,1545a,0,1,1,0,2,2,1,2,2,2,1,1,0,2,2,0,2,2,0
0359a,1545b,2,1,1,0,0,2,0,1,2,2,1,1,0,2,2,0,2,2,0
0359a,1545c,2,1,1,3,2,3,0,1,2,2,1,1,0,2,2,0,2,2,0
0359a,0379c,2,1,1,2,2,2,0,3,2,2,1,1,0,2,2,0,2,2,0
0359a,1282b,2,2,1,3,2,2,0,2,2,2,1,1,0,2,2,0,2,2,0
0359a,1289a,2,1,1,0,2,3,0,3,2,2,1,1,0,2,2,0,2,2,0
0359a,1289b,1,4,1,3,2,2,0,2,2,2,1,1,0,2,2,0,2,2,0
0359a,1289c,1,1,1,3,2,2,1,4,2,2,1,1,0,2,2,0,2,2,0
0359a,1452b,1,0,1,3,2,2,0,2,2,2,1,1,0,2,2,0,2,2,0
0359a,1565b,2,1,1,3,0,2,0,2,2,2,1,1,0,2,2,0,2,2,0
0359a,1565c,2,1,1,0,2,2,2,2,2,2,1,1,0,2,2,0,2,2,0
0359a,0552a,2,1,1,0,2,2,1,2,1,2,1,1,0,2,2,0,2,2,0
0359a,0552b,2,0,1,3,2,2,0,0,2,2,1,1,0,2,2,0,2,2,0
0359a,0552c,1,2,1,0,2,2,0,2,2,2,1,1,0,2,2,0,2,2,0
0359a,1261b,3,4,1,0,2,2,0,2,2,2,1,1,0,2,2,0,2,2,0
0359a,1307a,1,1,1,3,2,2,0,1,1,2,1,1,0,2,2,0,2,2,0
0359a,1362c,3,0,1,0,2,2,0,2,2,2,1,1,0,2,2,0,2,2,0
0359a,1491c,1,1,1,1,2,2,1,0,2,2,1,1,0,2,2,0,2,2,0
0359a,1492a,1,1,1,3,2,1,0,0,2,2,1,1,0,2,2,0,2,2,0
0359a,1492b,2,2,1,0,2,2,0,0,2,2,1,1,0,2,2,0,2,2,0
0359a,1492c,1,1,1,3,2,3,0,2,2,2,1,1,0,2,2,0,2,2,0
0359a,0366a,2,4,1,3,2,2,0,3,2,2,1,1,0,2,2,0,2,2,0
0359a,0434b,1,4,1,0,2,2,0,0,2,2,1,1,0,2,2,0,2,2,0
0359a,0496f,2,4,1,0,2,2,1,2,2,2,1,1,0,2,2,0,2,2,0
0359a,1382b,2,1,1,0,0,2,0,0,2,2,1,1,0,2,2,0,2,2,0
0359a,1416b,2,0,1,0,2,2,1,2,2,2,1,1,0,2,2,0,2,2,0
0359a,1518a,2,2,1,3,2,2,0,1,2,2,1,1,0,2,2,0,2,2,0
0359a,0374b,1,4,1,3,2,2,0,1,2,2,1,1,0,2,2,0,2,2,0
0359a,0544b,2,1,1,3,2,3,0,0,2,2,1,1,0,2,2,0,2,2,0
0359a,0579a,1,0,1,3,2,2,0,1,2,2,1,1,0,2,2,0,2,2,0
0359a,1320a,1,1,1,3,2,1,0,3,2,2,1,1,0,2,2,0,2,2,0
0359a,1320b,3,1,1,0,2,1,0,0,2,2,1,1,0,2,2,0,2,2,0
0359a,1320c,2,2,1,0,2,2,0,3,2,2,1,1,0,2,2,0,2,2,0
0359a,1334a,3,1,1,0,2,3,0,2,2,2,1,1,0,2,2,0,2,2,0
0359a,1370a,2,1,1,3,0,2,0,1,2,2,1,1,0,2,2,0,2,2,0
0359a,1370b,1,0,1,0,2,2,0,3,2,2,1,1,0,2,2,0,2,2,0
0359a,1370c,3,1,1,1,2,2,1,1,2,2,1,1,0,2,2,0,2,2,0
0359a,1426b,2,1,1,0,2,1,0,4,2,2,1,1,0,2,2,0,2,2,0
0359a,1463a,2,1,1,0,2,2,1,1,1,2,1,1,0,2,2,0,2,2,0
0359a,1463b,3,1,1,3,2,1,0,1,2,2,1,1,0,2,2,0,2,2,0
0359a,1463c,1,2,1,0,2,2,0,1,2,2,1,1,0,2,2,0,2,2,0
0359a,1468a,1,1,1,2,2,2,0,0,2,2,1,1,0,2,2,0,2,2,0
0359a,1483a,2,1,1,3,2,3,0,3,2,2,1,1,0,2,2,0,2,2,0
0359a,1483b,3,4,1,0,2,2,0,1,2,2,1,1,0,2,2,0,2,2,0
0359a,1488a,1,1,1,0,2,3,0,0,2,2,1,1,0,2,2,0,2,2,0
0359a,1488c,3,0,1,0,2,2,0,1,2,2,1,1,0,2,2,0,2,2,0
0359a,1534c,3,1,1,0,2,1,0,3,2,2,1,1,0,2,2,0,2,2,0
0359a,0491b,2,1,1,0,2,1,1,0,2,2,1,1,0,2,2,0,2,2,0
0359a,1119a,1,1,1,0,0,2,0,1,2,2,1,1,0,2,2,0,2,2,0
0359a,1119b,1,1,1,3,2,3,0,1,2,2,1,1,0,2,2,0,2,2,0
0359a,1119c,2,1,1,3,2,2,1,2,1,2,1,1,0,2,2,0,2,2,0
0359a,1129c,1,2,1,3,2,2,0,2,2,2,1,1,0,2,2,0,2,2,0
0359a,1344a,1,1,1,0,2,3,0,3,2,2,1,1,0,2,2,0,2,2,0
0359a,1344b,3,4,1,3,2,2,0,2,2,2,1,1,0,2,2,0,2,2,0
0359a,1344c,3,1,1,3,2,2,1,4,2,2,1,1,0,2,2,0,2,2,0
0359a,1489c,2,4,1,0,2,2,1,1,2,2,1,1,0,2,2,0,2,2,0
0359a,1516a,2,0,1,0,2,2,1,1,2,2,1,1,0,2,2,0,2,2,0
0359a,1516b,2,1,1,1,2,1,0,1,2,2,1,1,0,2,2,0,2,2,0
0359a,0306a,3,1,1,2,2,2,0,1,2,2,1,1,0,2,2,0,2,2,0
0359a,1309b,2,2,1,3,2,2,0,0,2,2,1,1,0,2,2,0,2,2,0
0359a,1458a,0,1,1,3,2,2,1,1,2,2,1,1,0,2,2,0,2,2,0
0359a,1458b,1,1,1,0,2,2,1,2,1,2,1,1,0,2,2,0,2,2,0
0359a,1458c,1,4,1,3,2,2,0,0,2,2,1,1,0,2,2,0,2,2,0
0359a,0414a,3,2,1,0,2,2,0,2,2,2,1,1,0,2,2,0,2,2,0
0359a,0414b,1,1,1,0,2,1,1,1,2,2,1,1,0,2,2,0,2,2,0
0359a,0414c,0,1,1,0,2,2,1,3,2,2,1,1,0,2,2,0,2,2,0
0359a,0419a,0,1,1,1,2,2,0,1,2,2,1,1,0,2,2,0,2,2,0
0359a,0539a,2,4,1,3,2,2,1,2,2,2,1,1,0,2,2,0,2,2,0
0359a,0539b,3,1,1,0,0,2,0,2,2,2,1,1,0,2,2,0,2,2,0
0359a,0539c,2,1,1,0,2,2,3,0,2,2,1,1,0,2,2,0,2,2,0
0359a,0576c,2,4,1,1,2,2,0,2,2,2,1,1,0,2,2,0,2,2,0
0359a,0579c,2,1,1,0,2,2,1,0,1,2,1,1,0,2,2,0,2,2,0
0359a,1137b,3,1,1,3,2,1,0,0,2,2,1,1,0,2,2,0,2,2,0
0359a,1137c,2,2,1,3,2,2,0,3,2,2,1,1,0,2,2,0,2,2,0
0359a,1164c,3,1,1,3,2,3,0,2,2,2,1,1,0,2,2,0,2,2,0
0359a,1180a,2,1,1,2,2,2,1,1,2,2,1,1,0,2,2,0,2,2,0
0359a,1375b,1,4,1,3,2,2,0,3,2,2,1,1,0,2,2,0,2,2,0
0359a,1375c,3,4,1,0,2,2,0,0,2,2,1,1,0,2,2,0,2,2,0
0359a,0333b,2,1,1,0,2,3,1,1,2,2,1,1,0,2,2,0,2,2,0
0359a,0381a,1,0,1,3,2,2,0,3,2,2,1,1,0,2,2,0,2,2,0
0359a,0411c,2,1,1,3,2,1,0,4,2,2,1,1,0,2,2,0,2,2,0
0359a,1352b,2,1,1,3,2,2,2,1,2,2,1,1,0,2,2,0,2,2,0
0359a,1352c,2,2,1,0,2,2,1,2,2,2,1,1,0,2,2,0,2,2,0
0359a,1393a,2,4,1,0,2,2,0,4,2,2,1,1,0,2,2,0,2,2,0
0359a,1393b,2,1,1,3,0,2,0,3,2,2,1,1,0,2,2,0,2,2,0
0359a,1393c,1,4,1,0,2,2,1,2,2,2,1,1,0,2,2,0,2,2,0
0359a,1394a,2,1,1,3,2,2,1,1,1,2,1,1,0,2,2,0,2,2,0
0359a,0351c,1,0,1,0,2,2,1,2,2,2,1,1,0,2,2,0,2,2,0
0359a,0424a,1,2,1,3,2,2,0,1,2,2,1,1,0,2,2,0,2,2,0
0359a,0424c,2,1,1,0,2,2,3,3,2,2,1,1,0,2,2,0,2,2,0
0359a,0496c,3,4,1,3,2,2,0,1,2,2,1,1,0,2,2,0,2,2,0
0359a,0496d,2,1,1,1,2,2,0,1,1,2,1,1,0,2,2,0,2,2,0
0359a,1257b,3,4,1,0,2,2,0,3,2,2,1,1,0,2,2,0,2,2,0
0359a,1257c,0,1,1,3,2,2,0,4,2,2,1,1,0,2,2,0,2,2,0
0359a,1447a,2,1,1,3,2,1,1,0,2,2,1,1,0,2,2,0,2,2,0
0359a,0458c,3,0,1,0,2,2,0,3,2,2,1,1,0,2,2,0,2,2,0
0359a,1284b,1,1,1,3,0,2,0,1,2,2,1,1,0,2,2,0,2,2,0
0359a,1284c,3,1,1,0,2,1,1,2,2,2,1,1,0,2,2,0,2,2,0
0359a,0477a,2,1,1,1,2,1,0,0,2,2,1,1,0,2,2,0,2,2,0
0359a,0477b,2,1,1,1,2,3,0,2,2,2,1,1,0,2,2,0,2,2,0
0359a,1180b,1,1,1,0,2,2,1,1,1,2,1,1,0,2,2,0,2,2,0
0359a,1442a,3,2,1,0,2,2,0,1,2,2,1,1,0,2,2,0,2,2,0
0359a,1454a,2,4,1,3,2,2,1,1,2,2,1,1,0,2,2,0,2,2,0
0359a,1472c,2,0,1,3,2,2,1,1,2,2,1,1,0,2,2,0,2,2,0
0359a,1531b,2,1,1,3,2,1,1,3,2,2,1,1,0,2,2,0,2,2,0
0359a,0536a,2,1,1,0,2,3,0,4,2,2,1,1,0,2,2,0,2,2,0
0359a,0560c,1,1,1,0,2,1,1,0,2,2,1,1,0,2,2,0,2,2,0
0359a,1153a,0,1,1,1,2,2,0,0,2,2,1,1,0,2,2,0,2,2,0
0359a,1382a,2,0,1,0,2,2,1,3,2,2,1,1,0,2,2,0,2,2,0
0359a,1402a,2,1,1,1,2,1,0,3,2,2,1,1,0,2,2,0,2,2,0
0359a,1417c,1,1,1,3,2,2,1,2,1,2,1,1,0,2,2,0,2,2,0
0359a,1520a,3,2,1,3,2,2,0,2,2,2,1,1,0,2,2,0,2,2,0
0359a,1521a,2,2,1,0,2,2,1,1,2,2,1,1,0,2,2,0,2,2,0
0359a,1543b,2,1,1,2,2,2,1,0,2,2,1,1,0,2,2,0,2,2,0
0359a,1543c,1,1,1,1,2,2,0,2,1,2,1,1,0,2,2,0,2,2,0
0359a,0597c,1,4,1,0,2,2,1,1,2,2,1,1,0,2,2,0,2,2,0
0359a,0355c,1,1,1,1,2,1,0,1,2,2,1,1,0,2,2,0,2,2,0
0359a,0374c,2,1,1,3,2,2,3,0,2,2,1,1,0,2,2,0,2,2,0
0359a,0396c,3,1,1,0,2,2,3,2,2,2,1,1,0,2,2,0,2,2,0
0359a,0550a,3,4,1,3,2,2,0,0,2,2,1,1,0,2,2,0,2,2,0
0359a,1366a,3,1,1,0,2,1,1,1,2,2,1,1,0,2,2,0,2,2,0
0359a,1366b,2,2,1,3,2,2,1,2,2,2,1,1,0,2,2,0,2,2,0
0359a,1413a,2,1,1,1,2,3,0,1,2,2,1,1,0,2,2,0,2,2,0
0359a,1413b,0,1,1,0,2,1,0,2,2,2,1,1,0,2,2,0,2,2,0
0359a,1413c,1,4,1,3,2,2,1,2,2,2,1,1,0,2,2,0,2,2,0
0359a,0307a,2,0,1,3,2,2,0,4,2,2,1,1,0,2,2,0,2,2,0
0359a,0363c,1,1,1,0,2,2,3,0,2,2,1,1,0,2,2,0,2,2,0
0359a,1176b,1,4,1,1,2,2,0,2,2,2,1,1,0,2,2,0,2,2,0
0359a,1255a,1,1,1,0,2,2,1,0,1,2,1,1,0,2,2,0,2,2,0
0359a,1255b,1,1,1,1,2,2,1,4,2,2,1,1,0,2,2,0,2,2,0
0359a,1234a,3,4,1,3,2,2,0,3,2,2,1,1,0,2,2,0,2,2,0
0359a,1236a,3,0,1,3,2,2,0,3,2,2,1,1,0,2,2,0,2,2,0
0359a,1149a,1,1,1,0,2,3,1,1,2,2,1,1,0,2,2,0,2,2,0
0359a,1149b,2,4,1,3,2,2,1,0,2,2,1,1,0,2,2,0,2,2,0
0359a,1416a,1,1,1,3,2,1,0,4,2,2,1,1,0,2,2,0,2,2,0
0359a,0491c,2,2,1,0,2,2,0,4,2,2,1,1,0,2,2,0,2,2,0
0359a,1134a,2,0,1,3,2,2,1,0,2,2,1,1,0,2,2,0,2,2,0
0359a,1144b,1,2,1,0,2,2,1,2,2,2,1,1,0,2,2,0,2,2,0
0359a,1424a,3,4,1,0,2,2,1,2,2,2,1,1,0,2,2,0,2,2,0
0359a,1424b,3,1,1,0,0,2,0,0,2,2,1,1,0,2,2,0,2,2,0
0359a,1424c,1,1,1,3,2,2,1,1,1,2,1,1,0,2,2,0,2,2,0
0359a,1471b,1,0,1,0,2,2,0,4,2,2,1,1,0,2,2,0,2,2,0
0359a,0307b,3,0,1,0,2,2,1,2,2,2,1,1,0,2,2,0,2,2,0
0359a,0569c,1,1,1,0,2,2,3,3,2,2,1,1,0,2,2,0,2,2,0
0359a,0472a,3,1,1,3,2,3,0,0,2,2,1,1,0,2,2,0,2,2,0
0359a,1268a,2,1,1,0,0,2,0,4,2,2,1,1,0,2,2,0,2,2,0
0359a,1268b,1,1,1,0,2,2,1,3,1,2,1,1,0,2,2,0,2,2,0
0359a,1268c,2,1,1,3,2,3,0,4,2,2,1,1,0,2,2,0,2,2,0
0359a,1433a,2,2,1,0,2,2,1,0,2,2,1,1,0,2,2,0,2,2,0
0359a,1433b,3,1,1,3,0,2,0,1,2,2,1,1,0,2,2,0,2,2,0
0359a,1433c,1,4,1,0,2,2,1,0,2,2,1,1,0,2,2,0,2,2,0
0359a,0596a,2,0,1,3,2,2,1,3,2,2,1,1,0,2,2,0,2,2,0
0359a,1129a,3,1,1,0,2,2,3,1,2,2,1,1,0,2,2,0,2,2,0
0359a,1131a,1,1,1,1,2,1,0,0,2,2,1,1,0,2,2,0,2,2,0
0359a,1131b,2,0,1,1,2,2,0,3,2,2,1,1,0,2,2,0,2,2,0
0359a,1252a,3,1,1,3,2,3,0,3,2,2,1,1,0,2,2,0,2,2,0
0359a,1252b,2,2,1,3,2,2,1,1,2,2,1,1,0,2,2,0,2,2,0
0359a,1329a,1,1,1,3,2,1,1,3,2,2,1,1,0,2,2,0,2,2,0
0359a,1364c,2,2,1,0,2,2,1,3,2,2,1,1,0,2,2,0,2,2,0
0359a,1531c,3,1,1,0,2,3,1,2,2,2,1,1,0,2,2,0,2,2,0
0359a,0377a,1,4,1,1,2,2,0,1,2,2,1,1,0,2,2,0,2,2,0
0359a,0575c,2,1,1,1,2,3,0,0,2,2,1,1,0,2,2,0,2,2,0
0359a,1494a,1,0,1,1,2,2,0,1,2,2,1,1,0,2,2,0,2,2,0
0359a,1494b,2,1,1,0,2,1,1,4,2,2,1,1,0,2,2,0,2,2,0
0359a,1498a,0,1,1,1,2,2,1,2,2,2,1,1,0,2,2,0,2,2,0
0359a,1498b,2,1,1,1,0,2,0,1,2,2,1,1,0,2,2,0,2,2,0
0359a,0335a,1,1,1,2,2,2,1,0,2,2,1,1,0,2,2,0,2,2,0
0359a,0335b,3,4,1,0,2,2,1,1,2,2,1,1,0,2,2,0,2,2,0
0359a,0335c,3,1,1,0,2,1,1,3,2,2,1,1,0,2,2,0,2,2,0
0359a,0349a,3,1,1,1,2,1,0,1,2,2,1,1,0,2,2,0,2,2,0
0359a,0314b,0,0,1,0,2,2,0,2,2,2,1,1,0,2,2,0,2,2,0
0359a,1152b,2,1,1,1,2,3,0,3,2,2,1,1,0,2,2,0,2,2,0
0359a,1229c,2,1,0,0,2,2,1,2,2,2,1,1,0,2,2,0,2,2,0
0359a,1329b,1,1,1,3,2,2,3,0,2,2,1,1,0,2,2,0,2,2,0
0359a,1330a,3,2,1,3,2,2,0,0,2,2,1,1,0,2,2,0,2,2,0
0359a,1330b,2,2,1,3,2,2,0,4,2,2,1,1,0,2,2,0,2,2,0
0359a,1330c,1,1,1,2,2,2,1,3,2,2,1,1,0,2,2,0,2,2,0
0359a,1451a,1,4,1,3,2,2,0,4,2,2,1,1,0,2,2,0,2,2,0
0359a,0402b,3,4,1,3,2,2,1,2,2,2,1,1,0,2,2,0,2,2,0
0359a,0472c,2,1,1,1,2,2,3,2,2,2,1,1,0,2,2,0,2,2,0
0359a,1236c,1,1,1,1,2,3,0,1,2,2,1,1,0,2,2,0,2,2,0
0359a,0461a,3,1,1,3,0,2,0,0,2,2,1,1,0,2,2,0,2,2,0
0359a,1361b,1,0,1,3,2,2,0,4,2,2,1,1,0,2,2,0,2,2,0
0359a,0432a,3,0,1,3,2,2,1,2,2,2,1,1,0,2,2,0,2,2,0
0359a,0432c,3,1,1,0,2,2,2,0,2,2,1,1,0,2,2,0,2,2,0
0359a,0544a,0,1,1,0,2,2,0,1,1,2,1,1,0,2,2,0,2,2,0
0359a,0592b,1,2,1,1,2,2,0,2,2,2,1,1,0,2,2,0,2,2,0
0359a,0593a,3,1,1,0,2,2,3,0,2,2,1,1,0,2,2,0,2,2,0
0359a,1134b,3,4,1,1,2,2,0,2,2,2,1,1,0,2,2,0,2,2,0
0359a,1134c,2,1,1,0,2,2,3,4,2,2,1,1,0,2,2,0,2,2,0
0359a,1135b,3,1,1,0,2,3,1,1,2,2,1,1,0,2,2,0,2,2,0
0359a,1227b,3,1,1,3,2,1,0,4,2,2,1,1,0,2,2,0,2,2,0
0359a,1432a,2,4,1,0,2,1,0,1,2,2,1,1,0,2,2,0,2,2,0
0359a,0537a,3,1,1,3,2,2,2,1,2,2,1,1,0,2,2,0,2,2,0
0359a,1303c,3,4,1,0,2,2,0,4,2,2,1,1,0,2,2,0,2,2,0
0359a,0550b,3,0,1,0,2,2,0,4,2,2,1,1,0,2,2,0,2,2,0
0359a,0557c,1,1,1,0,2,1,0,2,1,2,1,1,0,2,2,0,2,2,0
0359a,1460a,2,1,1,1,0,2,0,0,2,2,1,1,0,2,2,0,2,2,0
0359a,1460b,2,2,1,3,2,2,1,3,2,2,1,1,0,2,2,0,2,2,0
0359a,1231a,1,2,1,0,2,2,1,0,2,2,1,1,0,2,2,0,2,2,0
0359a,1231b,0,0,1,0,2,2,0,1,2,2,1,1,0,2,2,0,2,2,0
0359a,1231c,1,4,1,3,2,2,1,3,2,2,1,1,0,2,2,0,2,2,0
0359a,1236b,3,4,1,0,2,2,1,0,2,2,1,1,0,2,2,0,2,2,0
0359a,1243a,1,0,1,3,2,2,1,3,2,2,1,1,0,2,2,0,2,2,0
0359a,0350b,2,1,1,3,2,1,1,4,2,2,1,1,0,2,2,0,2,2,0
0359a,1219a,3,1,1,1,2,1,0,0,2,2,1,1,0,2,2,0,2,2,0
0359a,0531a,2,2,1,1,2,2,0,3,2,2,1,1,0,2,2,0,2,2,0
0359a,0531b,2,0,1,3,2,1,0,2,2,2,1,1,0,2,2,0,2,2,0
0359a,0531c,1,4,1,1,2,2,0,3,2,2,1,1,0,2,2,0,2,2,0
0359a,1375a,1,0,1,1,2,2,0,3,2,2,1,1,0,2,2,0,2,2,0
0359a,1448a,2,1,1,0,2,1,0,0,1,2,1,1,0,2,2,0,2,2,0
0359a,1448b,1,2,1,3,2,2,1,1,2,2,1,1,0,2,2,0,2,2,0
0359a,1448c,3,4,1,3,2,2,1,1,2,2,1,1,0,2,2,0,2,2,0
0359a,1554a,2,1,1,2,2,1,0,1,2,2,1,1,0,2,2,0,2,2,0
0359a,1554b,2,1,1,1,2,2,1,1,1,2,1,1,0,2,2,0,2,2,0
0359a,1554c,3,0,1,3,2,2,1,1,2,2,1,1,0,2,2,0,2,2,0
0359a,0381b,3,1,1,0,2,3,0,4,2,2,1,1,0,2,2,0,2,2,0
0359a,0411b,1,2,1,1,2,2,0,1,2,2,1,1,0,2,2,0,2,2,0
0359a,0562a,0,1,1,3,2,2,1,4,2,2,1,1,0,2,2,0,2,2,0
0359a,0570c,3,4,1,1,2,2,0,1,2,2,1,1,0,2,2,0,2,2,0
0359a,0577b,2,1,0,3,2,2,1,2,2,2,1,1,0,2,2,0,2,2,0
0359a,0577c,1,1,1,1,2,3,0,0,2,2,1,1,0,2,2,0,2,2,0
0359a,1181a,1,0,1,0,2,1,0,2,2,2,1,1,0,2,2,0,2,2,0
0359a,1260a,0,1,1,1,2,2,0,4,2,2,1,1,0,2,2,0,2,2,0
0359a,1260b,2,1,1,1,2,1,1,0,2,2,1,1,0,2,2,0,2,2,0
0359a,1260c,3,2,1,0,2,2,1,1,2,2,1,1,0,2,2,0,2,2,0
0359a,1341a,0,2,1,0,2,2,0,2,2,2,1,1,0,2,2,0,2,2,0
0359a,1341b,2,4,1,0,2,3,0,2,2,2,1,1,0,2,2,0,2,2,0
0359a,1341c,2,1,1,2,2,2,1,4,2,2,1,1,0,2,2,0,2,2,0
0359a,1343a,2,0,1,0,2,1,0,0,2,2,1,1,0,2,2,0,2,2,0
0359a,1343b,2,1,1,0,2,3,1,4,2,2,1,1,0,2,2,0,2,2,0
0359a,1475a,1,1,0,0,2,2,1,2,2,2,1,1,0,2,2,0,2,2,0
0359a,1476a,1,1,1,0,2,1,0,1,1,2,1,1,0,2,2,0,2,2,0
0359a,0316b,2,1,1,3,2,2,2,4,2,2,1,1,0,2,2,0,2,2,0
0359a,0345a,0,1,1,0,0,2,0,2,2,2,1,1,0,2,2,0,2,2,0
0359a,1411a,2,0,1,1,2,2,1,1,2,2,1,1,0,2,2,0,2,2,0
0359a,1411b,3,1,1,3,2,3,1,1,2,2,1,1,0,2,2,0,2,2,0
0359a,1411c,0,1,1,3,2,3,0,2,2,2,1,1,0,2,2,0,2,2,0
0359a,1468b,3,1,1,2,2,2,1,3,2,2,1,1,0,2,2,0,2,2,0
0359a,1468c,1,2,1,3,2,2,0,4,2,2,1,1,0,2,2,0,2,2,0
0359a,1502b,3,4,1,3,2,2,0,4,2,2,1,1,0,2,2,0,2,2,0
0359a,0375a,3,0,1,3,2,2,0,4,2,2,1,1,0,2,2,0,2,2,0
0359a,1451c,0,0,1,0,2,2,0,0,2,2,1,1,0,2,2,0,2,2,0
0359a,0489c,1,1,1,1,2,2,1,2,1,2,1,1,0,2,2,0,2,2,0
0359a,1219b,2,0,1,0,2,1,0,3,2,2,1,1,0,2,2,0,2,2,0
0359a,1090c,0,0,1,3,2,2,0,1,2,2,1,1,0,2,2,0,2,2,0
0359a,1097a,3,2,1,0,2,2,0,4,2,2,1,1,0,2,2,0,2,2,0
0359a,1237a,2,1,0,1,2,2,0,1,2,2,1,1,0,2,2,0,2,2,0
0359a,1237b,3,0,1,1,2,2,0,0,2,2,1,1,0,2,2,0,2,2,0
0359a,1296c,1,1,1,3,0,2,1,0,2,2,1,1,0,2,2,0,2,2,0
0359a,1365c,2,2,1,1,2,2,1,2,2,2,1,1,0,2,2,0,2,2,0
0359a,0365a,0,2,1,0,2,2,0,1,2,2,1,1,0,2,2,0,2,2,0
0359a,0550c,2,0,1,1,2,2,0,4,2,2,1,1,0,2,2,0,2,2,0
0359a,1336a,0,1,1,2,2,2,0,0,2,2,1,1,0,2,2,0,2,2,0
0359a,1336b,3,1,1,3,2,3,0,4,2,2,1,1,0,2,2,0,2,2,0
0359a,1336c,0,1,1,0,2,3,0,0,2,2,1,1,0,2,2,0,2,2,0
0359a,0336a,1,2,1,3,2,2,1,3,2,2,1,1,0,2,2,0,2,2,0
0359a,0338a,2,4,1,0,2,3,0,1,2,2,1,1,0,2,2,0,2,2,0
0359a,1257a,2,1,1,2,2,1,0,3,2,2,1,1,0,2,2,0,2,2,0
0359a,1490b,1,0,1,3,2,1,0,2,2,2,1,1,0,2,2,0,2,2,0
0359a,0301a,1,0,1,0,2,2,1,4,2,2,1,1,0,2,2,0,2,2,0
0359a,1314a,1,1,1,1,2,1,0,4,2,2,1,1,0,2,2,0,2,2,0
0359a,1441a,1,1,1,1,2,2,2,1,2,2,1,1,0,2,2,0,2,2,0
0359a,1441b,2,0,1,0,0,2,0,2,2,2,1,1,0,2,2,0,2,2,0
0359a,1441c,1,1,1,1,2,2,1,1,1,2,1,1,0,2,2,0,2,2,0
0359a,1444a,0,1,1,0,2,3,0,3,2,2,1,1,0,2,2,0,2,2,0
0359a,1513b,2,0,1,3,2,3,0,2,2,2,1,1,0,2,2,0,2,2,0
0359a,0372a,1,1,1,3,2,1,0,1,1,2,1,1,0,2,2,0,2,2,0
0359a,0411a,3,1,1,0,2,1,1,4,2,2,1,1,0,2,2,0,2,2,0
0359a,1096a,2,1,1,1,2,3,0,4,2,2,1,1,0,2,2,0,2,2,0
0359a,1267c,1,0,1,0,2,2,0,1,1,2,1,1,0,2,2,0,2,2,0
0359a,1475b,3,1,0,3,2,2,0,3,2,2,1,1,0,2,2,0,2,2,0
0359a,1222c,0,1,1,0,2,2,1,2,1,2,1,1,0,2,2,0,2,2,0
0359a,1429b,2,1,1,0,0,2,0,1,1,2,1,1,0,2,2,0,2,2,0
0359a,1429c,0,0,1,3,2,2,0,0,2,2,1,1,0,2,2,0,2,2,0
0359a,1461b,2,2,1,0,2,1,0,0,2,2,1,1,0,2,2,0,2,2,0
0359a,1461c,2,4,1,3,2,1,0,3,2,2,1,1,0,2,2,0,2,2,0
0359a,0896a,3,1,1,1,2,3,0,3,2,2,1,1,0,2,2,0,2,2,0
0359a,0896c,1,1,1,0,2,3,1,4,2,2,1,1,0,2,2,0,2,2,0
0359a,0318c,3,2,1,3,2,2,0,4,2,2,1,1,0,2,2,0,2,2,0
0359a,0365b,2,1,1,3,0,2,0,2,1,2,1,1,0,2,2,0,2,2,0
0359a,1207c,3,1,1,1,2,2,1,2,1,2,1,1,0,2,2,0,2,2,0
0359a,0334a,2,0,1,0,2,3,0,0,2,2,1,1,0,2,2,0,2,2,0
0359a,1267a,2,1,1,0,2,2,2,2,1,2,1,1,0,2,2,0,2,2,0
0359a,1534a,2,1,1,1,2,3,1,3,2,2,1,1,0,2,2,0,2,2,0
0359a,1563a,0,1,1,3,2,3,0,0,2,2,1,1,0,2,2,0,2,2,0
0359a,0571a,2,4,1,3,2,3,0,1,2,2,1,1,0,2,2,0,2,2,0
0359a,1129b,3,1,1,0,2,2,1,4,1,2,1,1,0,2,2,0,2,2,0
0359a,1144c,1,1,1,2,2,1,0,0,2,2,1,1,0,2,2,0,2,2,0
0359a,1180c,2,4,1,0,2,3,0,3,2,2,1,1,0,2,2,0,2,2,0
0359a,1442b,2,2,1,3,2,2,1,4,2,2,1,1,0,2,2,0,2,2,0
0359a,1442c,1,1,1,0,0,2,0,2,1,2,1,1,0,2,2,0,2,2,0
0359a,1531a,2,0,1,0,2,3,0,3,2,2,1,1,0,2,2,0,2,2,0
0359a,1245c,1,0,1,3,2,2,1,4,2,2,1,1,0,2,2,0,2,2,0
0359a,1366c,0,1,1,0,2,2,1,1,1,2,1,1,0,2,2,0,2,2,0
0359a,1255c,2,1,1,0,1,2,0,2,2,2,1,1,0,2,2,0,2,2,0
0359a,1267b,2,2,1,2,2,2,0,1,2,2,1,1,0,2,2,0,2,2,0
0359a,0321a,2,1,1,3,2,1,1,2,1,2,1,1,0,2,2,0,2,2,0
0359a,0458b,3,2,1,3,2,2,1,3,2,2,1,1,0,2,2,0,2,2,0
0359a,0307c,1,1,1,1,2,2,2,3,2,2,1,1,0,2,2,0,2,2,0
0359a,0389c,2,0,1,0,2,2,3,2,2,2,1,1,0,2,2,0,2,2,0
0359a,1165b,0,1,1,2,2,2,1,2,2,2,1,1,0,2,2,0,2,2,0
0359a,0483a,2,2,1,3,2,2,0,1,1,2,1,1,0,2,2,0,2,2,0
0359a,0491a,2,1,1,1,2,1,0,2,1,2,1,1,0,2,2,0,2,2,0
0359a,0562c,3,0,1,3,2,1,0,2,2,2,1,1,0,2,2,0,2,2,0
0359a,1391b,3,4,1,0,2,2,1,4,2,2,1,1,0,2,2,0,2,2,0
0359a,1517c,3,0,1,0,2,2,1,4,2,2,1,1,0,2,2,0,2,2,0
0359a,0338c,0,1,1,3,2,2,1,2,1,2,1,1,0,2,2,0,2,2,0
0359a,0532b,2,1,1,3,0,2,0,1,1,2,1,1,0,2,2,0,2,2,0
0359a,0532c,2,2,1,3,2,3,0,2,2,2,1,1,0,2,2,0,2,2,0
0359a,1398c,2,1,1,0,2,2,2,1,1,2,1,1,0,2,2,0,2,2,0
0359a,1484b,1,1,1,0,2,1,1,2,1,2,1,1,0,2,2,0,2,2,0
0359a,0381c,1,4,1,3,2,3,0,2,2,2,1,1,0,2,2,0,2,2,0
0359a,0429b,1,1,1,3,2,3,1,4,2,2,1,1,0,2,2,0,2,2,0
0359a,0510c,3,1,1,1,2,1,1,0,2,2,1,1,0,2,2,0,2,2,0
0359a,1174a,1,1,1,1,2,3,0,4,2,2,1,1,0,2,2,0,2,2,0
0359a,1547a,2,4,1,1,2,1,0,2,2,2,1,1,0,2,2,0,2,2,0
0359a,1547b,2,0,1,1,2,1,0,2,2,2,1,1,0,2,2,0,2,2,0
0359a,1547c,2,0,1,3,2,3,0,0,2,2,1,1,0,2,2,0,2,2,0
0359a,0337a,2,1,1,3,2,2,3,2,1,2,1,1,0,2,2,0,2,2,0
0359a,0354b,3,1,1,0,2,3,1,4,2,2,1,1,0,2,2,0,2,2,0
0359a,1153b,0,4,1,3,2,2,1,2,2,2,1,1,0,2,2,0,2,2,0
0359a,1153c,2,1,1,0,1,2,0,1,2,2,1,1,0,2,2,0,2,2,0
0359a,1552a,3,0,1,1,2,2,1,1,2,2,1,1,0,2,2,0,2,2,0
0359a,1552b,2,1,1,3,2,1,1,1,1,2,1,1,0,2,2,0,2,2,0
0359a,1552c,3,1,1,1,2,1,1,3,2,2,1,1,0,2,2,0,2,2,0
0359a,1329c,0,1,1,0,2,2,3,0,2,2,1,1,0,2,2,0,2,2,0
0359a,1039c,2,4,1,0,2,2,3,1,2,2,1,1,0,2,2,0,2,2,0
0359a,0560a,2,4,1,0,0,2,0,3,2,2,1,1,0,2,2,0,2,2,0
0359a,0560b,0,1,1,0,2,2,1,0,1,2,1,1,0,2,2,0,2,2,0
0359a,0334b,2,0,1,0,2,2,3,1,2,2,1,1,0,2,2,0,2,2,0
0359a,0597b,2,4,1,3,2,3,0,3,2,2,1,1,0,2,2,0,2,2,0
0359a,1230b,1,1,0,3,2,2,1,3,2,2,1,1,0,2,2,0,2,2,0
0359a,1513a,2,0,1,3,2,3,0,3,2,2,1,1,0,2,2,0,2,2,0
0359a,1374b,1,1,1,0,2,2,2,2,1,2,1,1,0,2,2,0,2,2,0
0359a,1374c,3,0,1,0,2,1,0,3,2,2,1,1,0,2,2,0,2,2,0
0359a,0349b,0,1,1,3,2,2,3,1,2,2,1,1,0,2,2,0,2,2,0
0359a,0313c,0,1,1,3,2,2,1,1,1,2,1,1,0,2,2,0,2,2,0
0359a,0319a,2,4,1,0,2,3,1,2,2,2,1,1,0,2,2,0,2,2,0
0359a,0319c,2,0,0,0,2,2,0,2,2,2,1,1,0,2,2,0,2,2,0
0359a,0353a,2,1,1,3,1,2,0,2,2,2,1,1,0,2,2,0,2,2,0
0359a,1201a,0,1,1,0,2,2,2,3,2,2,1,1,0,2,2,0,2,2,0
0359a,1551a,0,1,1,0,2,2,3,3,2,2,1,1,0,2,2,0,2,2,0
0359a,1551b,1,1,1,0,2,1,1,1,1,2,1,1,0,2,2,0,2,2,0
0359a,1551c,2,4,1,3,2,2,3,2,2,2,1,1,0,2,2,0,2,2,0
0359a,0456b,0,1,1,1,2,2,0,1,1,2,1,1,0,2,2,0,2,2,0
0359a,0456c,2,2,1,0,2,3,0,3,2,2,1,1,0,2,2,0,2,2,0
0359a,0461b,2,1,1,0,2,2,2,0,1,2,1,1,0,2,2,0,2,2,0
0359a,0536b,1,0,1,2,2,2,0,3,2,2,1,1,0,2,2,0,2,2,0
0359a,1123c,3,4,1,3,2,2,1,4,2,2,1,1,0,2,2,0,2,2,0
0359a,1146a,0,4,1,0,2,2,1,0,2,2,1,1,0,2,2,0,2,2,0
0359a,1146b,2,0,1,3,2,1,1,1,2,2,1,1,0,2,2,0,2,2,0
0359a,1146c,3,0,1,3,2,2,1,4,2,2,1,1,0,2,2,0,2,2,0
0359a,1204a,0,0,1,0,2,2,1,0,2,2,1,1,0,2,2,0,2,2,0
0359a,1364a,2,1,1,2,0,2,0,3,2,2,1,1,0,2,2,0,2,2,0
0359a,0492a,3,4,1,1,2,2,0,4,2,2,1,1,0,2,2,0,2,2,0
0359a,0492b,2,0,1,0,2,1,1,3,2,2,1,1,0,2,2,0,2,2,0
0359a,0492c,2,0,1,1,2,1,0,1,2,2,1,1,0,2,2,0,2,2,0
0359a,0555b,1,1,1,0,1,2,0,2,2,2,1,1,0,2,2,0,2,2,0
0359a,0555c,3,0,1,1,2,2,0,4,2,2,1,1,0,2,2,0,2,2,0
0359a,1335b,2,2,1,0,2,2,3,2,2,2,1,1,0,2,2,0,2,2,0
0359a,1335c,2,1,1,3,2,2,2,1,1,2,1,1,0,2,2,0,2,2,0
0359a,0301b,1,1,1,2,2,3,0,0,2,2,1,1,0,2,2,0,2,2,0
0359a,0306b,2,1,0,2,2,2,0,2,2,2,1,1,0,2,2,0,2,2,0
0359a,0594a,3,2,1,0,2,2,1,4,2,2,1,1,0,2,2,0,2,2,0
0359a,1497a,0,4,1,0,2,2,1,3,2,2,1,1,0,2,2,0,2,2,0
0359a,1497b,2,1,1,0,0,2,1,2,1,2,1,1,0,2,2,0,2,2,0
0359a,1562b,1,2,1,0,0,2,0,2,2,2,1,1,0,2,2,0,2,2,0
0359a,0373a,3,0,1,0,0,2,0,2,2,2,1,1,0,2,2,0,2,2,0
0359a,1091b,1,1,1,0,2,2,2,1,1,2,1,1,0,2,2,0,2,2,0
0359a,1123b,0,2,1,0,2,2,1,1,2,2,1,1,0,2,2,0,2,2,0
0359a,1521c,0,1,1,2,2,2,1,0,2,2,1,1,0,2,2,0,2,2,0
0359a,0373b,2,1,1,1,2,1,0,0,1,2,1,1,0,2,2,0,2,2,0
0359a,1431c,3,1,1,3,2,3,1,4,2,2,1,1,0,2,2,0,2,2,0
0359a,1520c,2,1,1,3,1,2,0,1,2,2,1,1,0,2,2,0,2,2,0
0359a,1482a,2,4,1,3,2,2,3,1,2,2,1,1,0,2,2,0,2,2,0
0359a,1493a,2,1,1,0,1,2,0,3,2,2,1,1,0,2,2,0,2,2,0
0359a,1493b,2,4,1,0,2,2,3,3,2,2,1,1,0,2,2,0,2,2,0
0359a,1508b,1,1,1,0,2,1,1,0,1,2,1,1,0,2,2,0,2,2,0
0359a,0431c,2,0,1,0,2,2,2,3,2,2,1,1,0,2,2,0,2,2,0
0359a,1365a,3,4,1,3,2,1,0,3,2,2,1,1,0,2,2,0,2,2,0
0359a,0449c,1,0,1,3,2,3,0,0,2,2,1,1,0,2,2,0,2,2,0
0359a,0515a,1,1,1,3,2,2,2,2,1,2,1,1,0,2,2,0,2,2,0
0359a,0538a,2,1,0,3,2,2,1,4,2,2,1,1,0,2,2,0,2,2,0
0359a,0538b,1,1,1,3,2,1,2,1,2,2,1,1,0,2,2,0,2,2,0
0359a,0538c,2,2,1,0,2,2,2,1,2,2,1,1,0,2,2,0,2,2,0
0359a,0445a,2,2,1,0,0,2,0,3,2,2,1,1,0,2,2,0,2,2,0
0359a,0445b,1,1,1,3,2,1,1,1,1,2,1,1,0,2,2,0,2,2,0
0359a,1440c,2,4,1,1,2,3,0,2,2,2,1,1,0,2,2,0,2,2,0
0359a,1450b,2,2,1,3,2,3,0,3,2,2,1,1,0,2,2,0,2,2,0
0359a,1237c,2,1,0,2,2,2,0,1,2,2,1,1,0,2,2,0,2,2,0
0577a,1120a,2,1,1,3,2,2,0,2,2,2,1,1,0,2,2,0,1,2,0
0577a,1120b,1,1,1,0,2,2,0,2,2,2,1,1,0,2,2,0,1,2,0
0577a,1120c,2,1,1,0,2,2,0,0,2,2,1,1,0,2,2,0,1,2,0
0577a,1121a,2,1,1,3,2,2,0,1,2,2,1,1,0,2,2,0,1,2,0
0577a,1121b,2,1,1,0,2,2,0,3,2,2,1,1,0,2,2,0,1,2,0
0577a,1121c,1,1,1,0,2,2,0,1,2,2,1,1,0,2,2,0,1,2,0
0577a,1229b,1,1,1,3,2,2,0,2,2,2,1,1,0,2,2,0,1,2,0
0577a,1302a,2,1,1,3,2,2,0,0,2,2,1,1,0,2,2,0,1,2,0
0577a,1302b,3,1,1,0,2,2,0,2,2,2,1,1,0,2,2,0,1,2,0
0577a,1302c,2,1,1,3,2,2,0,3,2,2,1,1,0,2,2,0,1,2,0
0577a,1305a,1,1,1,0,2,2,0,0,2,2,1,1,0,2,2,0,1,2,0
0577a,1305b,2,1,1,0,2,2,1,2,2,2,1,1,0,2,2,0,1,2,0
0577a,1305c,1,1,1,3,2,2,0,1,2,2,1,1,0,2,2,0,1,2,0
0577a,1386a,1,1,1,0,2,2,0,3,2,2,1,1,0,2,2,0,1,2,0
0577a,1386b,3,1,1,0,2,2,0,1,2,2,1,1,0,2,2,0,1,2,0
0577a,1386c,3,1,1,3,2,2,0,2,2,2,1,1,0,2,2,0,1,2,0
0577a,1391c,2,1,1,0,2,2,1,1,2,2,1,1,0,2,2,0,1,2,0
0577a,1489a,1,1,1,3,2,2,0,0,2,2,1,1,0,2,2,0,1,2,0
0577a,1489b,2,1,1,3,2,2,1,2,2,2,1,1,0,2,2,0,1,2,0
0577a,1517a,2,1,1,1,2,2,0,2,2,2,1,1,0,2,2,0,1,2,0
0577a,1517b,1,1,1,3,2,2,0,3,2,2,1,1,0,2,2,0,1,2,0
0577a,0331b,3,1,1,0,2,2,0,0,2,2,1,1,0,2,2,0,1,2,0
0577a,0367a,2,1,1,0,2,2,0,4,2,2,1,1,0,2,2,0,1,2,0
0577a,0367b,1,1,1,0,2,2,1,2,2,2,1,1,0,2,2,0,1,2,0
0577a,0367c,3,1,1,3,2,2,0,1,2,2,1,1,0,2,2,0,1,2,0
0577a,0379b,3,1,1,0,2,2,0,3,2,2,1,1,0,2,2,0,1,2,0
0577a,0458a,2,1,1,0,2,2,1,0,2,2,1,1,0,2,2,0,1,2,0
0577a,0565a,2,1,1,3,2,2,1,1,2,2,1,1,0,2,2,0,1,2,0
0577a,0565b,2,1,1,0,2,2,1,3,2,2,1,1,0,2,2,0,1,2,0
0577a,0565c,2,1,1,1,2,2,0,1,2,2,1,1,0,2,2,0,1,2,0
0577a,1254c,1,1,1,0,2,2,1,1,2,2,1,1,0,2,2,0,1,2,0
0577a,1362a,3,1,1,3,2,2,0,0,2,2,1,1,0,2,2,0,1,2,0
0577a,1362b,2,1,1,3,2,2,0,4,2,2,1,1,0,2,2,0,1,2,0
0577a,1446a,1,1,1,3,2,2,1,2,2,2,1,1,0,2,2,0,1,2,0
0577a,1446b,1,1,1,1,2,2,0,2,2,2,1,1,0,2,2,0,1,2,0
0577a,1446c,3,1,1,3,2,2,0,3,2,2,1,1,0,2,2,0,1,2,0
0577a,1454b,2,1,1,3,2,2,1,0,2,2,1,1,0,2,2,0,1,2,0
0577a,1454c,1,1,1,0,2,2,0,4,2,2,1,1,0,2,2,0,1,2,0
0577a,1455a,3,1,1,0,2,2,1,2,2,2,1,1,0,2,2,0,1,2,0
0577a,1455b,2,1,1,1,2,2,0,0,2,2,1,1,0,2,2,0,1,2,0
0577a,1455c,2,1,1,3,2,2,1,3,2,2,1,1,0,2,2,0,1,2,0
0577a,1510b,1,1,1,0,2,2,1,0,2,2,1,1,0,2,2,0,1,2,0
0577a,1510c,2,1,1,1,2,2,0,3,2,2,1,1,0,2,2,0,1,2,0
0577a,1534b,1,1,1,3,2,2,1,1,2,2,1,1,0,2,2,0,1,2,0
0577a,1540b,1,1,1,0,2,2,1,3,2,2,1,1,0,2,2,0,1,2,0
0577a,1300a,1,1,1,1,2,2,0,1,2,2,1,1,0,2,2,0,1,2,0
0577a,1300b,2,1,1,0,2,1,0,2,2,2,1,1,0,2,2,0,1,2,0
0577a,1300c,3,1,1,0,2,2,1,1,2,2,1,1,0,2,2,0,1,2,0
0577a,1309a,0,1,1,0,2,2,0,2,2,2,1,1,0,2,2,0,1,2,0
0577a,1453a,1,1,1,3,2,2,0,4,2,2,1,1,0,2,2,0,1,2,0
0577a,1453b,3,1,1,3,2,2,1,2,2,2,1,1,0,2,2,0,1,2,0
0577a,1453c,2,1,1,0,2,2,0,2,1,2,1,1,0,2,2,0,1,2,0
0577a,1482b,1,1,1,3,2,2,1,0,2,2,1,1,0,2,2,0,1,2,0
0577a,1518c,2,1,1,0,2,1,0,1,2,2,1,1,0,2,2,0,1,2,0
0577a,1543a,3,1,1,0,2,2,0,4,2,2,1,1,0,2,2,0,1,2,0
0577a,0584a,1,1,1,1,2,2,0,0,2,2,1,1,0,2,2,0,1,2,0
0577a,0584b,2,1,1,1,2,2,1,2,2,2,1,1,0,2,2,0,1,2,0
0577a,0584c,0,1,1,0,2,2,0,1,2,2,1,1,0,2,2,0,1,2,0
0577a,1127a,1,1,1,3,2,2,1,3,2,2,1,1,0,2,2,0,1,2,0
0577a,1127b,3,1,1,0,2,2,1,0,2,2,1,1,0,2,2,0,1,2,0
0577a,1127c,2,4,1,0,2,2,0,2,2,2,1,1,0,2,2,0,1,2,0
0577a,1274a,1,1,1,1,2,2,0,3,2,2,1,1,0,2,2,0,1,2,0
0577a,1284a,2,1,1,0,2,2,1,4,2,2,1,1,0,2,2,0,1,2,0
0577a,1360b,2,0,1,0,2,2,0,2,2,2,1,1,0,2,2,0,1,2,0
0577a,1364b,3,1,1,3,2,2,1,1,2,2,1,1,0,2,2,0,1,2,0
0577a,1490c,0,1,1,3,2,2,0,2,2,2,1,1,0,2,2,0,1,2,0
0577a,1491a,3,1,1,0,2,2,1,3,2,2,1,1,0,2,2,0,1,2,0
0577a,1491b,2,1,1,0,2,2,0,1,1,2,1,1,0,2,2,0,1,2,0
0577a,0321c,2,1,1,2,2,2,0,2,2,2,1,1,0,2,2,0,1,2,0
0577a,0451a,2,1,1,0,2,1,0,0,2,2,1,1,0,2,2,0,1,2,0
0577a,0503a,2,1,1,0,2,3,0,2,2,2,1,1,0,2,2,0,1,2,0
0577a,0503b,2,1,1,1,2,2,1,1,2,2,1,1,0,2,2,0,1,2,0
0577a,0561a,2,1,1,3,2,1,0,1,2,2,1,1,0,2,2,0,1,2,0
0577a,0561b,3,1,1,3,2,2,0,4,2,2,1,1,0,2,2,0,1,2,0
0577a,0571b,0,1,1,0,2,2,0,0,2,2,1,1,0,2,2,0,1,2,0
0577a,0600a,2,1,1,0,2,1,0,3,2,2,1,1,0,2,2,0,1,2,0
0577a,0600b,0,1,1,3,2,2,0,1,2,2,1,1,0,2,2,0,1,2,0
0577a,0600c,3,1,1,3,2,2,1,0,2,2,1,1,0,2,2,0,1,2,0
0577a,1137a,1,1,1,0,2,1,0,1,2,2,1,1,0,2,2,0,1,2,0
0577a,1230a,0,1,1,0,2,2,0,3,2,2,1,1,0,2,2,0,1,2,0
0577a,1230c,2,4,1,3,2,2,0,2,2,2,1,1,0,2,2,0,1,2,0
0577a,1248a,2,1,1,3,2,2,1,4,2,2,1,1,0,2,2,0,1,2,0
0577a,1248b,3,1,1,1,2,2,0,0,2,2,1,1,0,2,2,0,1,2,0
0577a,1248c,1,1,1,1,2,2,1,2,2,2,1,1,0,2,2,0,1,2,0
0577a,1335a,2,1,1,0,2,3,0,1,2,2,1,1,0,2,2,0,1,2,0
0577a,1378b,3,1,1,3,2,2,1,3,2,2,1,1,0,2,2,0,1,2,0
0577a,1378c,1,1,1,3,2,1,0,2,2,2,1,1,0,2,2,0,1,2,0
0577a,1432c,2,2,1,0,2,2,0,2,2,2,1,1,0,2,2,0,1,2,0
0577a,1481a,3,1,1,1,2,2,0,3,2,2,1,1,0,2,2,0,1,2,0
0577a,1481b,2,1,1,1,2,2,1,0,2,2,1,1,0,2,2,0,1,2,0
0577a,1481c,2,1,1,3,2,1,0,0,2,2,1,1,0,2,2,0,1,2,0
0577a,1487a,2,1,1,3,2,3,0,2,2,2,1,1,0,2,2,0,1,2,0
0577a,1512b,2,0,1,0,2,2,0,0,2,2,1,1,0,2,2,0,1,2,0
0577a,1512c,2,1,1,1,2,2,1,3,2,2,1,1,0,2,2,0,1,2,0
0577a,1528c,0,1,1,3,2,2,0,0,2,2,1,1,0,2,2,0,1,2,0
0577a,1565a,2,4,1,3,2,2,0,1,2,2,1,1,0,2,2,0,1,2,0
0577a,0338b,2,1,1,3,2,1,0,3,2,2,1,1,0,2,2,0,1,2,0
0577a,0422a,1,1,1,0,2,1,0,0,2,2,1,1,0,2,2,0,1,2,0
0577a,0422b,2,4,1,0,2,2,0,3,2,2,1,1,0,2,2,0,1,2,0
0577a,0422c,2,0,1,0,2,2,0,3,2,2,1,1,0,2,2,0,1,2,0
0577a,0472b,2,1,1,0,2,1,1,2,2,2,1,1,0,2,2,0,1,2,0
0577a,1227a,1,1,1,3,2,1,0,1,2,2,1,1,0,2,2,0,1,2,0
0577a,1382c,2,2,1,0,2,2,0,1,2,2,1,1,0,2,2,0,1,2,0
0577a,1445a,0,1,1,3,2,2,0,3,2,2,1,1,0,2,2,0,1,2,0
0577a,1445b,2,1,1,2,2,2,0,0,2,2,1,1,0,2,2,0,1,2,0
0577a,1445c,2,1,1,0,2,3,0,0,2,2,1,1,0,2,2,0,1,2,0
0577a,1486a,1,0,1,0,2,2,0,1,2,2,1,1,0,2,2,0,1,2,0
0577a,1510a,1,1,1,0,2,1,0,3,2,2,1,1,0,2,2,0,1,2,0
0577a,1545a,0,1,1,0,2,2,1,2,2,2,1,1,0,2,2,0,1,2,0
0577a,1545b,2,1,1,0,0,2,0,1,2,2,1,1,0,2,2,0,1,2,0
0577a,1545c,2,1,1,3,2,3,0,1,2,2,1,1,0,2,2,0,1,2,0
0577a,0379c,2,1,1,2,2,2,0,3,2,2,1,1,0,2,2,0,1,2,0
0577a,1282b,2,2,1,3,2,2,0,2,2,2,1,1,0,2,2,0,1,2,0
0577a,1289a,2,1,1,0,2,3,0,3,2,2,1,1,0,2,2,0,1,2,0
0577a,1289b,1,4,1,3,2,2,0,2,2,2,1,1,0,2,2,0,1,2,0
0577a,1289c,1,1,1,3,2,2,1,4,2,2,1,1,0,2,2,0,1,2,0
0577a,1452b,1,0,1,3,2,2,0,2,2,2,1,1,0,2,2,0,1,2,0
0577a,1565b,2,1,1,3,0,2,0,2,2,2,1,1,0,2,2,0,1,2,0
0577a,1565c,2,1,1,0,2,2,2,2,2,2,1,1,0,2,2,0,1,2,0
0577a,0552a,2,1,1,0,2,2,1,2,1,2,1,1,0,2,2,0,1,2,0
0577a,0552b,2,0,1,3,2,2,0,0,2,2,1,1,0,2,2,0,1,2,0
0577a,0552c,1,2,1,0,2,2,0,2,2,2,1,1,0,2,2,0,1,2,0
0577a,1261b,3,4,1,0,2,2,0,2,2,2,1,1,0,2,2,0,1,2,0
0577a,1307a,1,1,1,3,2,2,0,1,1,2,1,1,0,2,2,0,1,2,0
0577a,1362c,3,0,1,0,2,2,0,2,2,2,1,1,0,2,2,0,1,2,0
0577a,1491c,1,1,1,1,2,2,1,0,2,2,1,1,0,2,2,0,1,2,0
0577a,1492a,1,1,1,3,2,1,0,0,2,2,1,1,0,2,2,0,1,2,0
0577a,1492b,2,2,1,0,2,2,0,0,2,2,1,1,0,2,2,0,1,2,0
0577a,1492c,1,1,1,3,2,3,0,2,2,2,1,1,0,2,2,0,1,2,0
0577a,0366a,2,4,1,3,2,2,0,3,2,2,1,1,0,2,2,0,1,2,0
0577a,0434b,1,4,1,0,2,2,0,0,2,2,1,1,0,2,2,0,1,2,0
0577a,0496f,2,4,1,0,2,2,1,2,2,2,1,1,0,2,2,0,1,2,0
0577a,1382b,2,1,1,0,0,2,0,0,2,2,1,1,0,2,2,0,1,2,0
0577a,1416b,2,0,1,0,2,2,1,2,2,2,1,1,0,2,2,0,1,2,0
0577a,1518a,2,2,1,3,2,2,0,1,2,2,1,1,0,2,2,0,1,2,0
0577a,0374b,1,4,1,3,2,2,0,1,2,2,1,1,0,2,2,0,1,2,0
0577a,0544b,2,1,1,3,2,3,0,0,2,2,1,1,0,2,2,0,1,2,0
0577a,0579a,1,0,1,3,2,2,0,1,2,2,1,1,0,2,2,0,1,2,0
0577a,1320a,1,1,1,3,2,1,0,3,2,2,1,1,0,2,2,0,1,2,0
0577a,1320b,3,1,1,0,2,1,0,0,2,2,1,1,0,2,2,0,1,2,0
0577a,1320c,2,2,1,0,2,2,0,3,2,2,1,1,0,2,2,0,1,2,0
0577a,1334a,3,1,1,0,2,3,0,2,2,2,1,1,0,2,2,0,1,2,0
0577a,1370a,2,1,1,3,0,2,0,1,2,2,1,1,0,2,2,0,1,2,0
0577a,1370b,1,0,1,0,2,2,0,3,2,2,1,1,0,2,2,0,1,2,0
0577a,1370c,3,1,1,1,2,2,1,1,2,2,1,1,0,2,2,0,1,2,0
0577a,1426b,2,1,1,0,2,1,0,4,2,2,1,1,0,2,2,0,1,2,0
0577a,1463a,2,1,1,0,2,2,1,1,1,2,1,1,0,2,2,0,1,2,0
0577a,1463b,3,1,1,3,2,1,0,1,2,2,1,1,0,2,2,0,1,2,0
0577a,1463c,1,2,1,0,2,2,0,1,2,2,1,1,0,2,2,0,1,2,0
0577a,1468a,1,1,1,2,2,2,0,0,2,2,1,1,0,2,2,0,1,2,0
0577a,1483a,2,1,1,3,2,3,0,3,2,2,1,1,0,2,2,0,1,2,0
0577a,1483b,3,4,1,0,2,2,0,1,2,2,1,1,0,2,2,0,1,2,0
0577a,1488a,1,1,1,0,2,3,0,0,2,2,1,1,0,2,2,0,1,2,0
0577a,1488c,3,0,1,0,2,2,0,1,2,2,1,1,0,2,2,0,1,2,0
0577a,1534c,3,1,1,0,2,1,0,3,2,2,1,1,0,2,2,0,1,2,0
0577a,0491b,2,1,1,0,2,1,1,0,2,2,1,1,0,2,2,0,1,2,0
0577a,1119a,1,1,1,0,0,2,0,1,2,2,1,1,0,2,2,0,1,2,0
0577a,1119b,1,1,1,3,2,3,0,1,2,2,1,1,0,2,2,0,1,2,0
0577a,1119c,2,1,1,3,2,2,1,2,1,2,1,1,0,2,2,0,1,2,0
0577a,1129c,1,2,1,3,2,2,0,2,2,2,1,1,0,2,2,0,1,2,0
0577a,1344a,1,1,1,0,2,3,0,3,2,2,1,1,0,2,2,0,1,2,0
0577a,1344b,3,4,1,3,2,2,0,2,2,2,1,1,0,2,2,0,1,2,0
0577a,1344c,3,1,1,3,2,2,1,4,2,2,1,1,0,2,2,0,1,2,0
0577a,1489c,2,4,1,0,2,2,1,1,2,2,1,1,0,2,2,0,1,2,0
0577a,1516a,2,0,1,0,2,2,1,1,2,2,1,1,0,2,2,0,1,2,0
0577a,1516b,2,1,1,1,2,1,0,1,2,2,1,1,0,2,2,0,1,2,0
0577a,0306a,3,1,1,2,2,2,0,1,2,2,1,1,0,2,2,0,1,2,0
0577a,1309b,2,2,1,3,2,2,0,0,2,2,1,1,0,2,2,0,1,2,0
0577a,1458a,0,1,1,3,2,2,1,1,2,2,1,1,0,2,2,0,1,2,0
0577a,1458b,1,1,1,0,2,2,1,2,1,2,1,1,0,2,2,0,1,2,0
0577a,1458c,1,4,1,3,2,2,0,0,2,2,1,1,0,2,2,0,1,2,0
0577a,0414a,3,2,1,0,2,2,0,2,2,2,1,1,0,2,2,0,1,2,0
0577a,0414b,1,1,1,0,2,1,1,1,2,2,1,1,0,2,2,0,1,2,0
0577a,0414c,0,1,1,0,2,2,1,3,2,2,1,1,0,2,2,0,1,2,0
0577a,0419a,0,1,1,1,2,2,0,1,2,2,1,1,0,2,2,0,1,2,0
0577a,0539a,2,4,1,3,2,2,1,2,2,2,1,1,0,2,2,0,1,2,0
0577a,0539b,3,1,1,0,0,2,0,2,2,2,1,1,0,2,2,0,1,2,0
0577a,0539c,2,1,1,0,2,2,3,0,2,2,1,1,0,2,2,0,1,2,0
0577a,0576c,2,4,1,1,2,2,0,2,2,2,1,1,0,2,2,0,1,2,0
0577a,0579c,2,1,1,0,2,2,1,0,1,2,1,1,0,2,2,0,1,2,0
0577a,1137b,3,1,1,3,2,1,0,0,2,2,1,1,0,2,2,0,1,2,0
0577a,1137c,2,2,1,3,2,2,0,3,2,2,1,1,0,2,2,0,1,2,0
0577a,1164c,3,1,1,3,2,3,0,2,2,2,1,1,0,2,2,0,1,2,0
0577a,1180a,2,1,1,2,2,2,1,1,2,2,1,1,0,2,2,0,1,2,0
0577a,1375b,1,4,1,3,2,2,0,3,2,2,1,1,0,2,2,0,1,2,0
0577a,1375c,3,4,1,0,2,2,0,0,2,2,1,1,0,2,2,0,1,2,0
0577a,0333b,2,1,1,0,2,3,1,1,2,2,1,1,0,2,2,0,1,2,0
0577a,0381a,1,0,1,3,2,2,0,3,2,2,1,1,0,2,2,0,1,2,0
0577a,0411c,2,1,1,3,2,1,0,4,2,2,1,1,0,2,2,0,1,2,0
0577a,1352b,2,1,1,3,2,2,2,1,2,2,1,1,0,2,2,0,1,2,0
0577a,1352c,2,2,1,0,2,2,1,2,2,2,1,1,0,2,2,0,1,2,0
0577a,1393a,2,4,1,0,2,2,0,4,2,2,1,1,0,2,2,0,1,2,0
0577a,1393b,2,1,1,3,0,2,0,3,2,2,1,1,0,2,2,0,1,2,0
0577a,1393c,1,4,1,0,2,2,1,2,2,2,1,1,0,2,2,0,1,2,0
0577a,1394a,2,1,1,3,2,2,1,1,1,2,1,1,0,2,2,0,1,2,0
0577a,0351c,1,0,1,0,2,2,1,2,2,2,1,1,0,2,2,0,1,2,0
0577a,0424a,1,2,1,3,2,2,0,1,2,2,1,1,0,2,2,0,1,2,0
0577a,0424c,2,1,1,0,2,2,3,3,2,2,1,1,0,2,2,0,1,2,0
0577a,0496c,3,4,1,3,2,2,0,1,2,2,1,1,0,2,2,0,1,2,0
0577a,0496d,2,1,1,1,2,2,0,1,1,2,1,1,0,2,2,0,1,2,0
0577a,1257b,3,4,1,0,2,2,0,3,2,2,1,1,0,2,2,0,1,2,0
0577a,1257c,0,1,1,3,2,2,0,4,2,2,1,1,0,2,2,0,1,2,0
0577a,1447a,2,1,1,3,2,1,1,0,2,2,1,1,0,2,2,0,1,2,0
0577a,0458c,3,0,1,0,2,2,0,3,2,2,1,1,0,2,2,0,1,2,0
0577a,1284b,1,1,1,3,0,2,0,1,2,2,1,1,0,2,2,0,1,2,0
0577a,1284c,3,1,1,0,2,1,1,2,2,2,1,1,0,2,2,0,1,2,0
0577a,0477a,2,1,1,1,2,1,0,0,2,2,1,1,0,2,2,0,1,2,0
0577a,0477b,2,1,1,1,2,3,0,2,2,2,1,1,0,2,2,0,1,2,0
0577a,1180b,1,1,1,0,2,2,1,1,1,2,1,1,0,2,2,0,1,2,0
0577a,1442a,3,2,1,0,2,2,0,1,2,2,1,1,0,2,2,0,1,2,0
0577a,1454a,2,4,1,3,2,2,1,1,2,2,1,1,0,2,2,0,1,2,0
0577a,1472c,2,0,1,3,2,2,1,1,2,2,1,1,0,2,2,0,1,2,0
0577a,1531b,2,1,1,3,2,1,1,3,2,2,1,1,0,2,2,0,1,2,0
0577a,0536a,2,1,1,0,2,3,0,4,2,2,1,1,0,2,2,0,1,2,0
0577a,0560c,1,1,1,0,2,1,1,0,2,2,1,1,0,2,2,0,1,2,0
0577a,1153a,0,1,1,1,2,2,0,0,2,2,1,1,0,2,2,0,1,2,0
0577a,1382a,2,0,1,0,2,2,1,3,2,2,1,1,0,2,2,0,1,2,0
0577a,1402a,2,1,1,1,2,1,0,3,2,2,1,1,0,2,2,0,1,2,0
0577a,1417c,1,1,1,3,2,2,1,2,1,2,1,1,0,2,2,0,1,2,0
0577a,1520a,3,2,1,3,2,2,0,2,2,2,1,1,0,2,2,0,1,2,0
0577a,1521a,2,2,1,0,2,2,1,1,2,2,1,1,0,2,2,0,1,2,0
0577a,1543b,2,1,1,2,2,2,1,0,2,2,1,1,0,2,2,0,1,2,0
0577a,1543c,1,1,1,1,2,2,0,2,1,2,1,1,0,2,2,0,1,2,0
0577a,0597c,1,4,1,0,2,2,1,1,2,2,1,1,0,2,2,0,1,2,0
0577a,0355c,1,1,1,1,2,1,0,1,2,2,1,1,0,2,2,0,1,2,0
0577a,0374c,2,1,1,3,2,2,3,0,2,2,1,1,0,2,2,0,1,2,0
0577a,0396c,3,1,1,0,2,2,3,2,2,2,1,1,0,2,2,0,1,2,0
0577a,0550a,3,4,1,3,2,2,0,0,2,2,1,1,0,2,2,0,1,2,0
0577a,1366a,3,1,1,0,2,1,1,1,2,2,1,1,0,2,2,0,1,2,0
0577a,1366b,2,2,1,3,2,2,1,2,2,2,1,1,0,2,2,0,1,2,0
0577a,1413a,2,1,1,1,2,3,0,1,2,2,1,1,0,2,2,0,1,2,0
0577a,1413b,0,1,1,0,2,1,0,2,2,2,1,1,0,2,2,0,1,2,0
0577a,1413c,1,4,1,3,2,2,1,2,2,2,1,1,0,2,2,0,1,2,0
0577a,0307a,2,0,1,3,2,2,0,4,2,2,1,1,0,2,2,0,1,2,0
0577a,0363c,1,1,1,0,2,2,3,0,2,2,1,1,0,2,2,0,1,2,0
0577a,1176b,1,4,1,1,2,2,0,2,2,2,1,1,0,2,2,0,1,2,0
0577a,1255a,1,1,1,0,2,2,1,0,1,2,1,1,0,2,2,0,1,2,0
0577a,1255b,1,1,1,1,2,2,1,4,2,2,1,1,0,2,2,0,1,2,0
0577a,1234a,3,4,1,3,2,2,0,3,2,2,1,1,0,2,2,0,1,2,0
0577a,1236a,3,0,1,3,2,2,0,3,2,2,1,1,0,2,2,0,1,2,0
0577a,1149a,1,1,1,0,2,3,1,1,2,2,1,1,0,2,2,0,1,2,0
0577a,1149b,2,4,1,3,2,2,1,0,2,2,1,1,0,2,2,0,1,2,0
0577a,1416a,1,1,1,3,2,1,0,4,2,2,1,1,0,2,2,0,1,2,0
0577a,0491c,2,2,1,0,2,2,0,4,2,2,1,1,0,2,2,0,1,2,0
0577a,1134a,2,0,1,3,2,2,1,0,2,2,1,1,0,2,2,0,1,2,0
0577a,1144b,1,2,1,0,2,2,1,2,2,2,1,1,0,2,2,0,1,2,0
0577a,1424a,3,4,1,0,2,2,1,2,2,2,1,1,0,2,2,0,1,2,0
0577a,1424b,3,1,1,0,0,2,0,0,2,2,1,1,0,2,2,0,1,2,0
0577a,1424c,1,1,1,3,2,2,1,1,1,2,1,1,0,2,2,0,1,2,0
0577a,1471b,1,0,1,0,2,2,0,4,2,2,1,1,0,2,2,0,1,2,0
0577a,0307b,3,0,1,0,2,2,1,2,2,2,1,1,0,2,2,0,1,2,0
0577a,0569c,1,1,1,0,2,2,3,3,2,2,1,1,0,2,2,0,1,2,0
0577a,0472a,3,1,1,3,2,3,0,0,2,2,1,1,0,2,2,0,1,2,0
0577a,1268a,2,1,1,0,0,2,0,4,2,2,1,1,0,2,2,0,1,2,0
0577a,1268b,1,1,1,0,2,2,1,3,1,2,1,1,0,2,2,0,1,2,0
0577a,1268c,2,1,1,3,2,3,0,4,2,2,1,1,0,2,2,0,1,2,0
0577a,1433a,2,2,1,0,2,2,1,0,2,2,1,1,0,2,2,0,1,2,0
0577a,1433b,3,1,1,3,0,2,0,1,2,2,1,1,0,2,2,0,1,2,0
0577a,1433c,1,4,1,0,2,2,1,0,2,2,1,1,0,2,2,0,1,2,0
0577a,0596a,2,0,1,3,2,2,1,3,2,2,1,1,0,2,2,0,1,2,0
0577a,1129a,3,1,1,0,2,2,3,1,2,2,1,1,0,2,2,0,1,2,0
0577a,1131a,1,1,1,1,2,1,0,0,2,2,1,1,0,2,2,0,1,2,0
0577a,1131b,2,0,1,1,2,2,0,3,2,2,1,1,0,2,2,0,1,2,0
0577a,1252a,3,1,1,3,2,3,0,3,2,2,1,1,0,2,2,0,1,2,0
0577a,1252b,2,2,1,3,2,2,1,1,2,2,1,1,0,2,2,0,1,2,0
0577a,1329a,1,1,1,3,2,1,1,3,2,2,1,1,0,2,2,0,1,2,0
0577a,1364c,2,2,1,0,2,2,1,3,2,2,1,1,0,2,2,0,1,2,0
0577a,1531c,3,1,1,0,2,3,1,2,2,2,1,1,0,2,2,0,1,2,0
0577a,0377a,1,4,1,1,2,2,0,1,2,2,1,1,0,2,2,0,1,2,0
0577a,0575c,2,1,1,1,2,3,0,0,2,2,1,1,0,2,2,0,1,2,0
0577a,1494a,1,0,1,1,2,2,0,1,2,2,1,1,0,2,2,0,1,2,0
0577a,1494b,2,1,1,0,2,1,1,4,2,2,1,1,0,2,2,0,1,2,0
0577a,1498a,0,1,1,1,2,2,1,2,2,2,1,1,0,2,2,0,1,2,0
0577a,1498b,2,1,1,1,0,2,0,1,2,2,1,1,0,2,2,0,1,2,0
0577a,0335a,1,1,1,2,2,2,1,0,2,2,1,1,0,2,2,0,1,2,0
0577a,0335b,3,4,1,0,2,2,1,1,2,2,1,1,0,2,2,0,1,2,0
0577a,0335c,3,1,1,0,2,1,1,3,2,2,1,1,0,2,2,0,1,2,0
0577a,0349a,3,1,1,1,2,1,0,1,2,2,1,1,0,2,2,0,1,2,0
0577a,0314b,0,0,1,0,2,2,0,2,2,2,1,1,0,2,2,0,1,2,0
0577a,1152b,2,1,1,1,2,3,0,3,2,2,1,1,0,2,2,0,1,2,0
0577a,1229c,2,1,0,0,2,2,1,2,2,2,1,1,0,2,2,0,1,2,0
0577a,1329b,1,1,1,3,2,2,3,0,2,2,1,1,0,2,2,0,1,2,0
0577a,1330a,3,2,1,3,2,2,0,0,2,2,1,1,0,2,2,0,1,2,0
0577a,1330b,2,2,1,3,2,2,0,4,2,2,1,1,0,2,2,0,1,2,0
0577a,1330c,1,1,1,2,2,2,1,3,2,2,1,1,0,2,2,0,1,2,0
0577a,1451a,1,4,1,3,2,2,0,4,2,2,1,1,0,2,2,0,1,2,0
0577a,0402b,3,4,1,3,2,2,1,2,2,2,1,1,0,2,2,0,1,2,0
0577a,0472c,2,1,1,1,2,2,3,2,2,2,1,1,0,2,2,0,1,2,0
0577a,1236c,1,1,1,1,2,3,0,1,2,2,1,1,0,2,2,0,1,2,0
0577a,0461a,3,1,1,3,0,2,0,0,2,2,1,1,0,2,2,0,1,2,0
0577a,1361b,1,0,1,3,2,2,0,4,2,2,1,1,0,2,2,0,1,2,0
0359a,0359b,3,2,1,0,2,2,3,0,2,2,1,1,0,2,2,0,2,2,1
0577a,0577b,2,1,0,3,2,2,1,2,2,2,1,1,0,2,2,0,1,2,1
0577a,0577c,1,1,1,1,2,3,0,0,2,2,1,1,0,2,2,0,1,2,1
1120a,1120b,1,1,1,0,2,2,0,2,2,2,1,1,3,2,2,0,2,2,1
1120a,1120c,2,1,1,0,2,2,0,0,2,2,1,1,3,2,2,0,2,2,1
1120b,1120c,2,1,1,0,2,2,0,0,2,1,1,1,0,2,2,0,2,2,1
1121a,1121b,2,1,1,0,2,2,0,3,2,2,1,1,3,2,2,0,1,2,1
1121a,1121c,1,1,1,0,2,2,0,1,2,2,1,1,3,2,2,0,1,2,1
1121b,1121c,1,1,1,0,2,2,0,1,2,2,1,1,0,2,2,0,3,2,1
1229b,1229c,2,1,0,0,2,2,1,2,2,1,1,1,3,2,2,0,2,2,1
1302a,1302b,3,1,1,0,2,2,0,2,2,2,1,1,3,2,2,0,0,2,1
1302a,1302c,2,1,1,3,2,2,0,3,2,2,1,1,3,2,2,0,0,2,1
1302b,1302c,2,1,1,3,2,2,0,3,2,3,1,1,0,2,2,0,2,2,1
1305a,1305b,2,1,1,0,2,2,1,2,2,1,1,1,0,2,2,0,0,2,1
1305a,1305c,1,1,1,3,2,2,0,1,2,1,1,1,0,2,2,0,0,2,1
1305b,1305c,1,1,1,3,2,2,0,1,2,2,1,1,0,2,2,1,2,2,1
1386a,1386b,3,1,1,0,2,2,0,1,2,1,1,1,0,2,2,0,3,2,1
1386a,1386c,3,1,1,3,2,2,0,2,2,1,1,1,0,2,2,0,3,2,1
1386b,1386c,3,1,1,3,2,2,0,2,2,3,1,1,0,2,2,0,1,2,1
1391c,1391b,3,4,1,0,2,2,1,4,2,2,1,1,0,2,2,1,1,2,1
1391c,1391a,3,4,1,3,2,3,0,3,2,2,1,1,0,2,2,1,1,2,1
1489a,1489b,2,1,1,3,2,2,1,2,2,1,1,1,3,2,2,0,0,2,1
1489a,1489c,2,4,1,0,2,2,1,1,2,1,1,1,3,2,2,0,0,2,1
1489b,1489c,2,4,1,0,2,2,1,1,2,2,1,1,3,2,2,1,2,2,1
1517a,1517b,1,1,1,3,2,2,0,3,2,2,1,1,1,2,2,0,2,2,1
1517a,1517c,3,0,1,0,2,2,1,4,2,2,1,1,1,2,2,0,2,2,1
1517b,1517c,3,0,1,0,2,2,1,4,2,1,1,1,3,2,2,0,3,2,1
0331b,0331a,3,1,0,0,2,2,3,2,2,3,1,1,0,2,2,0,0,2,1
0367a,0367b,1,1,1,0,2,2,1,2,2,2,1,1,0,2,2,0,4,2,1
0367a,0367c,3,1,1,3,2,2,0,1,2,2,1,1,0,2,2,0,4,2,1
0367b,0367c,3,1,1,3,2,2,0,1,2,1,1,1,0,2,2,1,2,2,1
0379b,0379c,2,1,1,2,2,2,0,3,2,3,1,1,0,2,2,0,3,2,1
0458a,0458c,3,0,1,0,2,2,0,3,2,2,1,1,0,2,2,1,0,2,1
0458a,0458b,3,2,1,3,2,2,1,3,2,2,1,1,0,2,2,1,0,2,1
0565a,0565b,2,1,1,0,2,2,1,3,2,2,1,1,3,2,2,1,1,2,1
0565a,0565c,2,1,1,1,2,2,0,1,2,2,1,1,3,2,2,1,1,2,1
0565b,0565c,2,1,1,1,2,2,0,1,2,2,1,1,0,2,2,1,3,2,1
1254c,1254a,1,1,1,1,2,1,3,3,2,1,1,1,0,2,2,1,1,2,1
1254c,1254b,2,1,0,2,2,2,1,3,2,1,1,1,0,2,2,1,1,2,1
1362a,1362b,2,1,1,3,2,2,0,4,2,3,1,1,3,2,2,0,0,2,1
1362a,1362c,3,0,1,0,2,2,0,2,2,3,1,1,3,2,2,0,0,2,1
1362b,1362c,3,0,1,0,2,2,0,2,2,2,1,1,3,2,2,0,4,2,1
1446a,1446b,1,1,1,1,2,2,0,2,2,1,1,1,3,2,2,1,2,2,1
1446a,1446c,3,1,1,3,2,2,0,3,2,1,1,1,3,2,2,1,2,2,1
1446b,1446c,3,1,1,3,2,2,0,3,2,1,1,1,1,2,2,0,2,2,1
1454b,1454c,1,1,1,0,2,2,0,4,2,2,1,1,3,2,2,1,0,2,1
1454b,1454a,2,4,1,3,2,2,1,1,2,2,1,1,3,2,2,1,0,2,1
1454c,1454a,2,4,1,3,2,2,1,1,2,1,1,1,0,2,2,0,4,2,1
1455a,1455b,2,1,1,1,2,2,0,0,2,3,1,1,0,2,2,1,2,2,1
1455a,1455c,2,1,1,3,2,2,1,3,2,3,1,1,0,2,2,1,2,2,1
1455b,1455c,2,1,1,3,2,2,1,3,2,2,1,1,1,2,2,0,0,2,1
1510b,1510c,2,1,1,1,2,2,0,3,2,1,1,1,0,2,2,1,0,2,1
1510b,1510a,1,1,1,0,2,1,0,3,2,1,1,1,0,2,2,1,0,2,1
1510c,1510a,1,1,1,0,2,1,0,3,2,2,1,1,1,2,2,0,3,2,1
1534b,1534c,3,1,1,0,2,1,0,3,2,1,1,1,3,2,2,1,1,2,1
1534b,1534a,2,1,1,1,2,3,1,3,2,1,1,1,3,2,2,1,1,2,1
1540b,1540c,1,2,1,0,2,2,1,0,1,1,1,1,0,2,2,1,3,2,1
1300a,1300b,2,1,1,0,2,1,0,2,2,1,1,1,1,2,2,0,1,2,1
1300a,1300c,3,1,1,0,2,2,1,1,2,1,1,1,1,2,2,0,1,2,1
1300b,1300c,3,1,1,0,2,2,1,1,2,2,1,1,0,2,1,0,2,2,1
1309a,1309b,2,2,1,3,2,2,0,0,2,0,1,1,0,2,2,0,2,2,1
1309a,1309c,1,1,0,1,0,1,0,2,1,0,1,1,0,2,2,0,2,2,1
1453a,1453b,3,1,1,3,2,2,1,2,2,1,1,1,3,2,2,0,4,2,1
1453a,1453c,2,1,1,0,2,2,0,2,1,1,1,1,3,2,2,0,4,2,1
1453b,1453c,2,1,1,0,2,2,0,2,1,3,1,1,3,2,2,1,2,2,1
1482b,1482a,2,4,1,3,2,2,3,1,2,1,1,1,3,2,2,1,0,2,1
1518c,1518a,2,2,1,3,2,2,0,1,2,2,1,1,0,2,1,0,1,2,1
1543a,1543b,2,1,1,2,2,2,1,0,2,3,1,1,0,2,2,0,4,2,1
1543a,1543c,1,1,1,1,2,2,0,2,1,3,1,1,0,2,2,0,4,2,1
0584a,0584b,2,1,1,1,2,2,1,2,2,1,1,1,1,2,2,0,0,2,1
0584a,0584c,0,1,1,0,2,2,0,1,2,1,1,1,1,2,2,0,0,2,1
0584b,0584c,0,1,1,0,2,2,0,1,2,2,1,1,1,2,2,1,2,2,1
1127a,1127b,3,1,1,0,2,2,1,0,2,1,1,1,3,2,2,1,3,2,1
1127a,1127c,2,4,1,0,2,2,0,2,2,1,1,1,3,2,2,1,3,2,1
1127b,1127c,2,4,1,0,2,2,0,2,2,3,1,1,0,2,2,1,0,2,1
1284a,1284b,1,1,1,3,0,2,0,1,2,2,1,1,0,2,2,1,4,2,1
1284a,1284c,3,1,1,0,2,1,1,2,2,2,1,1,0,2,2,1,4,2,1
1360b,1360a,3,1,0,2,2,2,0,2,2,2,0,1,0,2,2,0,2,2,1
1360b,1360c,0,1,1,2,1,2,1,1,1,2,0,1,0,2,2,0,2,2,1
1364b,1364c,2,2,1,0,2,2,1,3,2,3,1,1,3,2,2,1,1,2,1
1364b,1364a,2,1,1,2,0,2,0,3,2,3,1,1,3,2,2,1,1,2,1
1490c,1490b,1,0,1,3,2,1,0,2,2,0,1,1,3,2,2,0,2,2,1
1491a,1491b,2,1,1,0,2,2,0,1,1,3,1,1,0,2,2,1,3,2,1
1491a,1491c,1,1,1,1,2,2,1,0,2,3,1,1,0,2,2,1,3,2,1
1491b,1491c,1,1,1,1,2,2,1,0,2,2,1,1,0,2,2,0,1,1,1
0321c,0321a,2,1,1,3,2,1,1,2,1,2,1,1,2,2,2,0,2,2,1
0321c,0321b,3,2,1,3,2,2,1,4,2,2,1,1,2,2,2,0,2,2,1
0451a,0451b,2,1,1,3,0,2,1,2,1,2,1,1,0,2,1,0,0,2,1
0451a,0451c,1,0,1,1,2,2,0,2,1,2,1,1,0,2,1,0,0,2,1
0503a,0503b,2,1,1,1,2,2,1,1,2,2,1,1,0,2,3,0,2,2,1
0561a,0561b,3,1,1,3,2,2,0,4,2,2,1,1,3,2,1,0,1,2,1
0571b,0571a,2,4,1,3,2,3,0,1,2,0,1,1,0,2,2,0,0,2,1
0571b,0571c,1,0,1,1,0,1,0,1,1,0,1,1,0,2,2,0,0,2,1
0600a,0600b,0,1,1,3,2,2,0,1,2,2,1,1,0,2,1,0,3,2,1
0600a,0600c,3,1,1,3,2,2,1,0,2,2,1,1,0,2,1,0,3,2,1
0600b,0600c,3,1,1,3,2,2,1,0,2,0,1,1,3,2,2,0,1,2,1
1137a,1137b,3,1,1,3,2,1,0,0,2,1,1,1,0,2,1,0,1,2,1
1137a,1137c,2,2,1,3,2,2,0,3,2,1,1,1,0,2,1,0,1,2,1
1230a,1230c,2,4,1,3,2,2,0,2,2,0,1,1,0,2,2,0,3,2,1
1230a,1230b,1,1,0,3,2,2,1,3,2,0,1,1,0,2,2,0,3,2,1
1230c,1230b,1,1,0,3,2,2,1,3,2,2,4,1,3,2,2,0,2,2,1
1248a,1248b,3,1,1,1,2,2,0,0,2,2,1,1,3,2,2,1,4,2,1
1248a,1248c,1,1,1,1,2,2,1,2,2,2,1,1,3,2,2,1,4,2,1
1248b,1248c,1,1,1,1,2,2,1,2,2,3,1,1,1,2,2,0,0,2,1
1335a,1335b,2,2,1,0,2,2,3,2,2,2,1,1,0,2,3,0,1,2,1
1335a,1335c,2,1,1,3,2,2,2,1,1,2,1,1,0,2,3,0,1,2,1
1378b,1378c,1,1,1,3,2,1,0,2,2,3,1,1,3,2,2,1,3,2,1
1378b,1378a,3,4,1,3,2,3,0,0,2,3,1,1,3,2,2,1,3,2,1
1378c,1378a,3,4,1,3,2,3,0,0,2,1,1,1,3,2,1,0,2,2,1
1432c,1432a,2,4,1,0,2,1,0,1,2,2,2,1,0,2,2,0,2,2,1
1432c,1432b,3,1,1,0,1,2,1,4,2,2,2,1,0,2,2,0,2,2,1
1481a,1481b,2,1,1,1,2,2,1,0,2,3,1,1,1,2,2,0,3,2,1
1481a,1481c,2,1,1,3,2,1,0,0,2,3,1,1,1,2,2,0,3,2,1
1481b,1481c,2,1,1,3,2,1,0,0,2,2,1,1,1,2,2,1,0,2,1
1487a,1487c,3,1,1,3,0,1,0,0,1,2,1,1,3,2,3,0,2,2,1
1512b,1512c,2,1,1,1,2,2,1,3,2,2,0,1,0,2,2,0,0,2,1
1565a,1565b,2,1,1,3,0,2,0,2,2,2,4,1,3,2,2,0,1,2,1
1565a,1565c,2,1,1,0,2,2,2,2,2,2,4,1,3,2,2,0,1,2,1
0338b,0338a,2,4,1,0,2,3,0,1,2,2,1,1,3,2,1,0,3,2,1
0338b,0338c,0,1,1,3,2,2,1,2,1,2,1,1,3,2,1,0,3,2,1
0422a,0422b,2,4,1,0,2,2,0,3,2,1,1,1,0,2,1,0,0,2,1
0422a,0422c,2,0,1,0,2,2,0,3,2,1,1,1,0,2,1,0,0,2,1
0422b,0422c,2,0,1,0,2,2,0,3,2,2,4,1,0,2,2,0,3,2,1
0472b,0472a,3,1,1,3,2,3,0,0,2,2,1,1,0,2,1,1,2,2,1
0472b,0472c,2,1,1,1,2,2,3,2,2,2,1,1,0,2,1,1,2,2,1
1227a,1227b,3,1,1,3,2,1,0,4,2,1,1,1,3,2,1,0,1,2,1
1382c,1382b,2,1,1,0,0,2,0,0,2,2,2,1,0,2,2,0,1,2,1
1382c,1382a,2,0,1,0,2,2,1,3,2,2,2,1,0,2,2,0,1,2,1
1445a,1445b,2,1,1,2,2,2,0,0,2,0,1,1,3,2,2,0,3,2,1
1445a,1445c,2,1,1,0,2,3,0,0,2,0,1,1,3,2,2,0,3,2,1
1445b,1445c,2,1,1,0,2,3,0,0,2,2,1,1,2,2,2,0,0,2,1
1486a,1486b,2,0,1,0,2,3,1,4,2,1,0,1,0,2,2,0,1,2,1
1545a,1545b,2,1,1,0,0,2,0,1,2,0,1,1,0,2,2,1,2,2,1
1545a,1545c,2,1,1,3,2,3,0,1,2,0,1,1,0,2,2,1,2,2,1
1545b,1545c,2,1,1,3,2,3,0,1,2,2,1,1,0,0,2,0,1,2,1
1282b,1282c,1,1,2,3,2,2,1,2,2,2,2,1,3,2,2,0,2,2,1
1289a,1289b,1,4,1,3,2,2,0,2,2,2,1,1,0,2,3,0,3,2,1
1289a,1289c,1,1,1,3,2,2,1,4,2,2,1,1,0,2,3,0,3,2,1
1289b,1289c,1,1,1,3,2,2,1,4,2,1,4,1,3,2,2,0,2,2,1
1565b,1565c,2,1,1,0,2,2,2,2,2,2,1,1,3,0,2,0,2,2,1
0552a,0552b,2,0,1,3,2,2,0,0,2,2,1,1,0,2,2,1,2,1,1
0552a,0552c,1,2,1,0,2,2,0,2,2,2,1,1,0,2,2,1,2,1,1
0552b,0552c,1,2,1,0,2,2,0,2,2,2,0,1,3,2,2,0,0,2,1
1307a,1307b,3,4,1,0,2,3,1,1,2,1,1,1,3,2,2,0,1,1,1
1492a,1492b,2,2,1,0,2,2,0,0,2,1,1,1,3,2,1,0,0,2,1
1492a,1492c,1,1,1,3,2,3,0,2,2,1,1,1,3,2,1,0,0,2,1
1492b,1492c,1,1,1,3,2,3,0,2,2,2,2,1,0,2,2,0,0,2,1
0366a,0366b,3,1,2,4,3,2,0,2,2,2,4,1,3,2,2,0,3,2,1
0434b,0434c,0,1,0,2,2,3,0,3,2,1,4,1,0,2,2,0,0,2,1
0434b,0434a,3,0,0,2,0,3,3,0,2,1,4,1,0,2,2,0,0,2,1
0496f,0496c,3,4,1,3,2,2,0,1,2,2,4,1,0,2,2,1,2,2,1
0496f,0496d,2,1,1,1,2,2,0,1,1,2,4,1,0,2,2,1,2,2,1
0496f,0496a,3,4,1,0,2,3,1,2,2,2,4,1,0,2,2,1,2,2,1
0496f,0496e,2,1,0,1,2,3,0,2,2,2,4,1,0,2,2,1,2,2,1
1382b,1382a,2,0,1,0,2,2,1,3,2,2,1,1,0,0,2,0,0,2,1
1416b,1416a,1,1,1,3,2,1,0,4,2,2,0,1,0,2,2,1,2,2,1
1416b,1416c,1,4,1,3,2,3,1,4,2,2,0,1,0,2,2,1,2,2,1
0374b,0374c,2,1,1,3,2,2,3,0,2,1,4,1,3,2,2,0,1,2,1
0374b,0374a,2,2,0,0,2,1,3,3,2,1,4,1,3,2,2,0,1,2,1
0544b,0544a,0,1,1,0,2,2,0,1,1,2,1,1,3,2,3,0,0,2,1
0544b,0544c,1,4,1,3,2,2,2,0,1,2,1,1,3,2,3,0,0,2,1
0579a,0579c,2,1,1,0,2,2,1,0,1,1,0,1,3,2,2,0,1,2,1
1320a,1320b,3,1,1,0,2,1,0,0,2,1,1,1,3,2,1,0,3,2,1
1320a,1320c,2,2,1,0,2,2,0,3,2,1,1,1,3,2,1,0,3,2,1
1320b,1320c,2,2,1,0,2,2,0,3,2,3,1,1,0,2,1,0,0,2,1
1334a,1334c,3,4,1,3,2,3,1,2,2,3,1,1,0,2,3,0,2,2,1
1370a,1370b,1,0,1,0,2,2,0,3,2,2,1,1,3,0,2,0,1,2,1
1370a,1370c,3,1,1,1,2,2,1,1,2,2,1,1,3,0,2,0,1,2,1
1370b,1370c,3,1,1,1,2,2,1,1,2,1,0,1,0,2,2,0,3,2,1
1426b,1426c,1,0,1,0,2,3,1,2,2,2,1,1,0,2,1,0,4,2,1
1426b,1426a,2,0,1,1,2,2,1,2,1,2,1,1,0,2,1,0,4,2,1
1463a,1463b,3,1,1,3,2,1,0,1,2,2,1,1,0,2,2,1,1,1,1
1463a,1463c,1,2,1,0,2,2,0,1,2,2,1,1,0,2,2,1,1,1,1
1463b,1463c,1,2,1,0,2,2,0,1,2,3,1,1,3,2,1,0,1,2,1
1468a,1468b,3,1,1,2,2,2,1,3,2,1,1,1,2,2,2,0,0,2,1
1468a,1468c,1,2,1,3,2,2,0,4,2,1,1,1,2,2,2,0,0,2,1
1483a,1483b,3,4,1,0,2,2,0,1,2,2,1,1,3,2,3,0,3,2,1
1483a,1483c,1,1,1,1,0,1,0,1,1,2,1,1,3,2,3,0,3,2,1
1483b,1483c,1,1,1,1,0,1,0,1,1,3,4,1,0,2,2,0,1,2,1
1488a,1488c,3,0,1,0,2,2,0,1,2,1,1,1,0,2,3,0,0,2,1
1488a,1488b,2,2,1,0,0,2,1,1,1,1,1,1,0,2,3,0,0,2,1
1488c,1488b,2,2,1,0,0,2,1,1,1,3,0,1,0,2,2,0,1,2,1
1534c,1534a,2,1,1,1,2,3,1,3,2,3,1,1,0,2,1,0,3,2,1
0491b,0491c,2,2,1,0,2,2,0,4,2,2,1,1,0,2,1,1,0,2,1
0491b,0491a,2,1,1,1,2,1,0,2,1,2,1,1,0,2,1,1,0,2,1
1119a,1119b,1,1,1,3,2,3,0,1,2,1,1,1,0,0,2,0,1,2,1
1119a,1119c,2,1,1,3,2,2,1,2,1,1,1,1,0,0,2,0,1,2,1
1119b,1119c,2,1,1,3,2,2,1,2,1,1,1,1,3,2,3,0,1,2,1
1129c,1129a,3,1,1,0,2,2,3,1,2,1,2,1,3,2,2,0,2,2,1
1129c,1129b,3,1,1,0,2,2,1,4,1,1,2,1,3,2,2,0,2,2,1
1344a,1344b,3,4,1,3,2,2,0,2,2,1,1,1,0,2,3,0,3,2,1
1344a,1344c,3,1,1,3,2,2,1,4,2,1,1,1,0,2,3,0,3,2,1
1344b,1344c,3,1,1,3,2,2,1,4,2,3,4,1,3,2,2,0,2,2,1
1516a,1516b,2,1,1,1,2,1,0,1,2,2,0,1,0,2,2,1,1,2,1
0306a,0306b,2,1,0,2,2,2,0,2,2,3,1,1,2,2,2,0,1,2,1
1309b,1309c,1,1,0,1,0,1,0,2,1,2,2,1,3,2,2,0,0,2,1
1458a,1458b,1,1,1,0,2,2,1,2,1,0,1,1,3,2,2,1,1,2,1
1458a,1458c,1,4,1,3,2,2,0,0,2,0,1,1,3,2,2,1,1,2,1
1458b,1458c,1,4,1,3,2,2,0,0,2,1,1,1,0,2,2,1,2,1,1
0414a,0414b,1,1,1,0,2,1,1,1,2,3,2,1,0,2,2,0,2,2,1
0414a,0414c,0,1,1,0,2,2,1,3,2,3,2,1,0,2,2,0,2,2,1
0414b,0414c,0,1,1,0,2,2,1,3,2,1,1,1,0,2,1,1,1,2,1
0539a,0539b,3,1,1,0,0,2,0,2,2,2,4,1,3,2,2,1,2,2,1
0539a,0539c,2,1,1,0,2,2,3,0,2,2,4,1,3,2,2,1,2,2,1
0539b,0539c,2,1,1,0,2,2,3,0,2,3,1,1,0,0,2,0,2,2,1
0576c,0576b,1,1,1,3,0,2,3,0,2,2,4,1,1,2,2,0,2,2,1
1137b,1137c,2,2,1,3,2,2,0,3,2,3,1,1,3,2,1,0,0,2,1
1164c,1164a,2,1,0,2,2,1,1,1,2,3,1,1,3,2,3,0,2,2,1
1164c,1164b,2,1,1,2,1,2,1,1,2,3,1,1,3,2,3,0,2,2,1
1180a,1180b,1,1,1,0,2,2,1,1,1,2,1,1,2,2,2,1,1,2,1
1180a,1180c,2,4,1,0,2,3,0,3,2,2,1,1,2,2,2,1,1,2,1
1375b,1375c,3,4,1,0,2,2,0,0,2,1,4,1,3,2,2,0,3,2,1
1375b,1375a,1,0,1,1,2,2,0,3,2,1,4,1,3,2,2,0,3,2,1
1375c,1375a,1,0,1,1,2,2,0,3,2,3,4,1,0,2,2,0,0,2,1
0333b,0333c,3,2,1,1,2,1,1,1,2,2,1,1,0,2,3,1,1,2,1
0333b,0333a,2,1,1,3,2,1,2,0,1,2,1,1,0,2,3,1,1,2,1
0381a,0381b,3,1,1,0,2,3,0,4,2,1,0,1,3,2,2,0,3,2,1
0381a,0381c,1,4,1,3,2,3,0,2,2,1,0,1,3,2,2,0,3,2,1
0411c,0411b,1,2,1,1,2,2,0,1,2,2,1,1,3,2,1,0,4,2,1
0411c,0411a,3,1,1,0,2,1,1,4,2,2,1,1,3,2,1,0,4,2,1
1352b,1352c,2,2,1,0,2,2,1,2,2,2,1,1,3,2,2,2,1,2,1
1352b,1352a,2,2,1,1,2,2,1,4,2,2,1,1,3,2,2,2,1,2,1
1352c,1352a,2,2,1,1,2,2,1,4,2,2,2,1,0,2,2,1,2,2,1
1393a,1393b,2,1,1,3,0,2,0,3,2,2,4,1,0,2,2,0,4,2,1
1393a,1393c,1,4,1,0,2,2,1,2,2,2,4,1,0,2,2,0,4,2,1
1393b,1393c,1,4,1,0,2,2,1,2,2,2,1,1,3,0,2,0,3,2,1
1394a,1394c,3,2,1,0,2,2,3,2,1,2,1,1,3,2,2,1,1,1,1
1394a,1394b,3,1,0,1,2,1,1,3,2,2,1,1,3,2,2,1,1,1,1
0351c,0351a,1,2,0,0,2,2,0,3,2,1,0,1,0,2,2,1,2,2,1
0351c,0351b,1,1,1,1,3,2,1,3,2,1,0,1,0,2,2,1,2,2,1
0424a,0424c,2,1,1,0,2,2,3,3,2,1,2,1,3,2,2,0,1,2,1
0496c,0496d,2,1,1,1,2,2,0,1,1,3,4,1,3,2,2,0,1,2,1
0496c,0496a,3,4,1,0,2,3,1,2,2,3,4,1,3,2,2,0,1,2,1
0496c,0496e,2,1,0,1,2,3,0,2,2,3,4,1,3,2,2,0,1,2,1
0496d,0496a,3,4,1,0,2,3,1,2,2,2,1,1,1,2,2,0,1,1,1
0496d,0496e,2,1,0,1,2,3,0,2,2,2,1,1,1,2,2,0,1,1,1
1257b,1257c,0,1,1,3,2,2,0,4,2,3,4,1,0,2,2,0,3,2,1
1257b,1257a,2,1,1,2,2,1,0,3,2,3,4,1,0,2,2,0,3,2,1
1257c,1257a,2,1,1,2,2,1,0,3,2,0,1,1,3,2,2,0,4,2,1
1447a,1447b,1,4,1,0,2,2,2,1,1,2,1,1,3,2,1,1,0,2,1
1447a,1447c,1,1,0,1,2,2,2,2,2,2,1,1,3,2,1,1,0,2,1
0458c,0458b,3,2,1,3,2,2,1,3,2,3,0,1,0,2,2,0,3,2,1
1284b,1284c,3,1,1,0,2,1,1,2,2,1,1,1,3,0,2,0,1,2,1
0477a,0477b,2,1,1,1,2,3,0,2,2,2,1,1,1,2,1,0,0,2,1
1180b,1180c,2,4,1,0,2,3,0,3,2,1,1,1,0,2,2,1,1,1,1
1442a,1442b,2,2,1,3,2,2,1,4,2,3,2,1,0,2,2,0,1,2,1
1442a,1442c,1,1,1,0,0,2,0,2,1,3,2,1,0,2,2,0,1,2,1
1531b,1531c,3,1,1,0,2,3,1,2,2,2,1,1,3,2,1,1,3,2,1
1531b,1531a,2,0,1,0,2,3,0,3,2,2,1,1,3,2,1,1,3,2,1
0536a,0536b,1,0,1,2,2,2,0,3,2,2,1,1,0,2,3,0,4,2,1
0560c,0560a,2,4,1,0,0,2,0,3,2,1,1,1,0,2,1,1,0,2,1
0560c,0560b,0,1,1,0,2,2,1,0,1,1,1,1,0,2,1,1,0,2,1
1153a,1153b,0,4,1,3,2,2,1,2,2,0,1,1,1,2,2,0,0,2,1
1153a,1153c,2,1,1,0,1,2,0,1,2,0,1,1,1,2,2,0,0,2,1
1402a,1402b,1,2,1,3,0,2,1,3,2,2,1,1,1,2,1,0,3,2,1
1417c,1417b,3,4,1,0,2,3,0,3,2,1,1,1,3,2,2,1,2,1,1
1417c,1417a,1,1,0,0,2,3,1,3,2,1,1,1,3,2,2,1,2,1,1
1520a,1520c,2,1,1,3,1,2,0,1,2,3,2,1,3,2,2,0,2,2,1
1521a,1521c,0,1,1,2,2,2,1,0,2,2,2,1,0,2,2,1,1,2,1
1521a,1521b,3,1,1,3,0,2,3,3,2,2,2,1,0,2,2,1,1,2,1
1543b,1543c,1,1,1,1,2,2,0,2,1,2,1,1,2,2,2,1,0,2,1
0597c,0597b,2,4,1,3,2,3,0,3,2,1,4,1,0,2,2,1,1,2,1
0597c,0597a,3,4,2,0,2,3,3,1,1,1,4,1,0,2,2,1,1,2,1
0355c,0355a,3,2,1,3,2,3,0,3,2,1,1,1,1,2,1,0,1,2,1
0355c,0355b,1,4,1,0,0,2,1,1,1,1,1,1,1,2,1,0,1,2,1
0374c,0374a,2,2,0,0,2,1,3,3,2,2,1,1,3,2,2,3,0,2,1
0396c,0396b,2,1,0,1,2,2,1,3,2,3,1,1,0,2,2,3,2,2,1
0550a,0550b,3,0,1,0,2,2,0,4,2,3,4,1,3,2,2,0,0,2,1
0550a,0550c,2,0,1,1,2,2,0,4,2,3,4,1,3,2,2,0,0,2,1
1366a,1366b,2,2,1,3,2,2,1,2,2,3,1,1,0,2,1,1,1,2,1
1366a,1366c,0,1,1,0,2,2,1,1,1,3,1,1,0,2,1,1,1,2,1
1366b,1366c,0,1,1,0,2,2,1,1,1,2,2,1,3,2,2,1,2,2,1
1413a,1413b,0,1,1,0,2,1,0,2,2,2,1,1,1,2,3,0,1,2,1
1413a,1413c,1,4,1,3,2,2,1,2,2,2,1,1,1,2,3,0,1,2,1
1413b,1413c,1,4,1,3,2,2,1,2,2,0,1,1,0,2,1,0,2,2,1
0307a,0307b,3,0,1,0,2,2,1,2,2,2,0,1,3,2,2,0,4,2,1
0307a,0307c,1,1,1,1,2,2,2,3,2,2,0,1,3,2,2,0,4,2,1
0363c,0363b,1,1,1,1,2,1,0,1,1,1,1,1,0,2,2,3,0,2,1
0363c,0363a,0,0,1,1,2,2,1,1,2,1,1,1,0,2,2,3,0,2,1
1176b,1176a,2,0,2,4,2,2,1,3,2,1,4,1,1,2,2,0,2,2,1
1255a,1255b,1,1,1,1,2,2,1,4,2,1,1,1,0,2,2,1,0,1,1
1255a,1255c,2,1,1,0,1,2,0,2,2,1,1,1,0,2,2,1,0,1,1
1255b,1255c,2,1,1,0,1,2,0,2,2,1,1,1,1,2,2,1,4,2,1
1234a,1234b,3,0,1,1,2,3,0,4,2,3,4,1,3,2,2,0,3,2,1
1234a,1234c,2,1,0,2,2,3,0,2,2,3,4,1,3,2,2,0,3,2,1
1236a,1236c,1,1,1,1,2,3,0,1,2,3,0,1,3,2,2,0,3,2,1
1236a,1236b,3,4,1,0,2,2,1,0,2,3,0,1,3,2,2,0,3,2,1
1149a,1149b,2,4,1,3,2,2,1,0,2,1,1,1,0,2,3,1,1,2,1
1149a,1149c,1,1,1,3,2,1,3,3,2,1,1,1,0,2,3,1,1,2,1
1149b,1149c,1,1,1,3,2,1,3,3,2,2,4,1,3,2,2,1,0,2,1
1416a,1416c,1,4,1,3,2,3,1,4,2,1,1,1,3,2,1,0,4,2,1
0491c,0491a,2,1,1,1,2,1,0,2,1,2,2,1,0,2,2,0,4,2,1
1134a,1134b,3,4,1,1,2,2,0,2,2,2,0,1,3,2,2,1,0,2,1
1134a,1134c,2,1,1,0,2,2,3,4,2,2,0,1,3,2,2,1,0,2,1
1144b,1144c,1,1,1,2,2,1,0,0,2,1,2,1,0,2,2,1,2,2,1
1424a,1424b,3,1,1,0,0,2,0,0,2,3,4,1,0,2,2,1,2,2,1
1424a,1424c,1,1,1,3,2,2,1,1,1,3,4,1,0,2,2,1,2,2,1
1424b,1424c,1,1,1,3,2,2,1,1,1,3,1,1,0,0,2,0,0,2,1
1471b,1471c,1,1,1,0,0,1,1,1,2,1,0,1,0,2,2,0,4,2,1
0307b,0307c,1,1,1,1,2,2,2,3,2,3,0,1,0,2,2,1,2,2,1
0569c,0569a,1,1,0,2,2,3,0,3,2,1,1,1,0,2,2,3,3,2,1
0569c,0569b,0,0,1,2,2,1,1,1,2,1,1,1,0,2,2,3,3,2,1
0472a,0472c,2,1,1,1,2,2,3,2,2,3,1,1,3,2,3,0,0,2,1
1268a,1268b,1,1,1,0,2,2,1,3,1,2,1,1,0,0,2,0,4,2,1
1268a,1268c,2,1,1,3,2,3,0,4,2,2,1,1,0,0,2,0,4,2,1
1268b,1268c,2,1,1,3,2,3,0,4,2,1,1,1,0,2,2,1,3,1,1
1433a,1433b,3,1,1,3,0,2,0,1,2,2,2,1,0,2,2,1,0,2,1
1433a,1433c,1,4,1,0,2,2,1,0,2,2,2,1,0,2,2,1,0,2,1
1433b,1433c,1,4,1,0,2,2,1,0,2,3,1,1,3,0,2,0,1,2,1
1129a,1129b,3,1,1,0,2,2,1,4,1,3,1,1,0,2,2,3,1,2,1
1131a,1131b,2,0,1,1,2,2,0,3,2,1,1,1,1,2,1,0,0,2,1
1252a,1252b,2,2,1,3,2,2,1,1,2,3,1,1,3,2,3,0,3,2,1
1252a,1252c,1,2,1,0,2,2,1,1,1,3,1,1,3,2,3,0,3,2,1
1252b,1252c,1,2,1,0,2,2,1,1,1,2,2,1,3,2,2,1,1,2,1
1329a,1329b,1,1,1,3,2,2,3,0,2,1,1,1,3,2,1,1,3,2,1
1329a,1329c,0,1,1,0,2,2,3,0,2,1,1,1,3,2,1,1,3,2,1
1364c,1364a,2,1,1,2,0,2,0,3,2,2,2,1,0,2,2,1,3,2,1
1531c,1531a,2,0,1,0,2,3,0,3,2,3,1,1,0,2,3,1,2,2,1
1494a,1494b,2,1,1,0,2,1,1,4,2,1,0,1,1,2,2,0,1,2,1
1494a,1494c,3,4,1,3,2,3,3,3,2,1,0,1,1,2,2,0,1,2,1
1494b,1494c,3,4,1,3,2,3,3,3,2,2,1,1,0,2,1,1,4,2,1
1498a,1498b,2,1,1,1,0,2,0,1,2,0,1,1,1,2,2,1,2,2,1
0335a,0335b,3,4,1,0,2,2,1,1,2,1,1,1,2,2,2,1,0,2,1
0335a,0335c,3,1,1,0,2,1,1,3,2,1,1,1,2,2,2,1,0,2,1
0335b,0335c,3,1,1,0,2,1,1,3,2,3,4,1,0,2,2,1,1,2,1
0349a,0349b,0,1,1,3,2,2,3,1,2,3,1,1,1,2,1,0,1,2,1
0314b,0314c,1,1,1,3,2,0,0,0,2,0,0,1,0,2,2,0,2,2,1
0314b,0314a,1,1,1,0,2,1,2,1,1,0,0,1,0,2,2,0,2,2,1
1152b,1152a,3,4,0,2,2,1,0,2,2,2,1,1,1,2,3,0,3,2,1
1152b,1152c,0,0,1,1,2,1,1,1,1,2,1,1,1,2,3,0,3,2,1
1329b,1329c,0,1,1,0,2,2,3,0,2,1,1,1,3,2,2,3,0,2,1
1330a,1330b,2,2,1,3,2,2,0,4,2,3,2,1,3,2,2,0,0,2,1
1330a,1330c,1,1,1,2,2,2,1,3,2,3,2,1,3,2,2,0,0,2,1
1330b,1330c,1,1,1,2,2,2,1,3,2,2,2,1,3,2,2,0,4,2,1
1451a,1451c,0,0,1,0,2,2,0,0,2,1,4,1,3,2,2,0,4,2,1
1451a,1451b,3,1,1,3,2,3,3,3,2,1,4,1,3,2,2,0,4,2,1
1236c,1236b,3,4,1,0,2,2,1,0,2,1,1,1,1,2,3,0,1,2,1
0461a,0461b,2,1,1,0,2,2,2,0,1,3,1,1,3,0,2,0,0,2,1
1361b,1361a,1,4,1,0,0,2,3,3,2,1,0,1,3,2,2,0,4,2,1
0432a,0432c,3,1,1,0,2,2,2,0,2,3,0,1,3,2,2,1,2,2,1
0544a,0544c,1,4,1,3,2,2,2,0,1,0,1,1,0,2,2,0,1,1,1
0592b,0592c,1,2,1,1,2,3,0,3,2,1,2,1,1,2,2,0,2,2,1
0593a,0593b,3,4,1,0,2,2,3,3,2,3,1,1,0,2,2,3,0,2,1
0593a,0593c,1,1,1,1,2,3,0,0,1,3,1,1,0,2,2,3,0,2,1
1134b,1134c,2,1,1,0,2,2,3,4,2,3,4,1,1,2,2,0,2,2,1
1432a,1432b,3,1,1,0,1,2,1,4,2,2,4,1,0,2,1,0,1,2,1
0537a,0537b,2,1,0,3,0,2,1,4,2,3,1,1,3,2,2,2,1,2,1
0537a,0537c,2,2,1,3,2,2,2,0,1,3,1,1,3,2,2,2,1,2,1
1303c,1303a,3,4,1,0,0,2,0,4,2,3,4,1,0,2,2,0,4,2,1
1303c,1303b,3,1,0,2,2,2,0,3,2,3,4,1,0,2,2,0,4,2,1
0550b,0550c,2,0,1,1,2,2,0,4,2,3,0,1,0,2,2,0,4,2,1
1460a,1460b,2,2,1,3,2,2,1,3,2,2,1,1,1,0,2,0,0,2,1
1231a,1231b,0,0,1,0,2,2,0,1,2,1,2,1,0,2,2,1,0,2,1
1231a,1231c,1,4,1,3,2,2,1,3,2,1,2,1,0,2,2,1,0,2,1
1231b,1231c,1,4,1,3,2,2,1,3,2,0,0,1,0,2,2,0,1,2,1
0350b,0350c,2,0,1,0,1,1,0,2,2,2,1,1,3,2,1,1,4,2,1
0350b,0350a,3,2,1,0,1,2,1,3,2,2,1,1,3,2,1,1,4,2,1
1219a,1219b,2,0,1,0,2,1,0,3,2,3,1,1,1,2,1,0,0,2,1
1219a,1219c,2,4,0,1,2,3,0,1,2,3,1,1,1,2,1,0,0,2,1
0531a,0531b,2,0,1,3,2,1,0,2,2,2,2,1,1,2,2,0,3,2,1
0531a,0531c,1,4,1,1,2,2,0,3,2,2,2,1,1,2,2,0,3,2,1
0531b,0531c,1,4,1,1,2,2,0,3,2,2,0,1,3,2,1,0,2,2,1
1448a,1448b,1,2,1,3,2,2,1,1,2,2,1,1,0,2,1,0,0,1,1
1448a,1448c,3,4,1,3,2,2,1,1,2,2,1,1,0,2,1,0,0,1,1
1448b,1448c,3,4,1,3,2,2,1,1,2,1,2,1,3,2,2,1,1,2,1
1554a,1554b,2,1,1,1,2,2,1,1,1,2,1,1,2,2,1,0,1,2,1
1554a,1554c,3,0,1,3,2,2,1,1,2,2,1,1,2,2,1,0,1,2,1
1554b,1554c,3,0,1,3,2,2,1,1,2,2,1,1,1,2,2,1,1,1,1
0381b,0381c,1,4,1,3,2,3,0,2,2,3,1,1,0,2,3,0,4,2,1
0411b,0411a,3,1,1,0,2,1,1,4,2,1,2,1,1,2,2,0,1,2,1
0562a,0562c,3,0,1,3,2,1,0,2,2,0,1,1,3,2,2,1,4,2,1
0570c,0570a,2,1,0,3,0,2,1,3,2,3,4,1,1,2,2,0,1,2,1
0577b,0577c,1,1,1,1,2,3,0,0,2,2,1,0,3,2,2,1,2,2,1
1181a,1181b,2,1,0,2,2,1,1,0,2,1,0,1,0,2,1,0,2,2,1
1181a,1181c,2,2,1,0,0,3,0,4,2,1,0,1,0,2,1,0,2,2,1
1260a,1260b,2,1,1,1,2,1,1,0,2,0,1,1,1,2,2,0,4,2,1
1260a,1260c,3,2,1,0,2,2,1,1,2,0,1,1,1,2,2,0,4,2,1
1260b,1260c,3,2,1,0,2,2,1,1,2,2,1,1,1,2,1,1,0,2,1
1341a,1341b,2,4,1,0,2,3,0,2,2,0,2,1,0,2,2,0,2,2,1
1341a,1341c,2,1,1,2,2,2,1,4,2,0,2,1,0,2,2,0,2,2,1
1341b,1341c,2,1,1,2,2,2,1,4,2,2,4,1,0,2,3,0,2,2,1
1343a,1343b,2,1,1,0,2,3,1,4,2,2,0,1,0,2,1,0,0,2,1
1343a,1343c,0,0,1,1,2,1,0,1,1,2,0,1,0,2,1,0,0,2,1
1343b,1343c,0,0,1,1,2,1,0,1,1,2,1,1,0,2,3,1,4,2,1
1475a,1475b,3,1,0,3,2,2,0,3,2,1,1,0,0,2,2,1,2,2,1
1475a,1475c,3,1,1,3,0,1,3,4,2,1,1,0,0,2,2,1,2,2,1
1476a,1476c,1,2,1,3,0,2,1,1,1,1,1,1,0,2,1,0,1,1,1
0316b,0316a,2,1,2,3,2,3,1,2,2,2,1,1,3,2,2,2,4,2,1
1411a,1411b,3,1,1,3,2,3,1,1,2,2,0,1,1,2,2,1,1,2,1
1411a,1411c,0,1,1,3,2,3,0,2,2,2,0,1,1,2,2,1,1,2,1
1411b,1411c,0,1,1,3,2,3,0,2,2,3,1,1,3,2,3,1,1,2,1
1468b,1468c,1,2,1,3,2,2,0,4,2,3,1,1,2,2,2,1,3,2,1
0375a,0375c,2,4,1,4,2,2,2,1,1,3,0,1,3,2,2,0,4,2,1
0375a,0375b,1,3,0,1,0,2,0,2,1,3,0,1,3,2,2,0,4,2,1
1451c,1451b,3,1,1,3,2,3,3,3,2,0,0,1,0,2,2,0,0,2,1
0489c,0489b,1,0,1,0,2,3,3,4,2,1,1,1,1,2,2,1,2,1,1
0489c,0489a,1,4,2,0,2,3,1,2,2,1,1,1,1,2,2,1,2,1,1
1219b,1219c,2,4,0,1,2,3,0,1,2,2,0,1,0,2,1,0,3,2,1
1090c,1090a,2,0,1,1,2,1,0,1,1,0,0,1,3,2,2,0,1,2,1
1237a,1237b,3,0,1,1,2,2,0,0,2,2,1,0,1,2,2,0,1,2,1
1237a,1237c,2,1,0,2,2,2,0,1,2,2,1,0,1,2,2,0,1,2,1
1237b,1237c,2,1,0,2,2,2,0,1,2,3,0,1,1,2,2,0,0,2,1
1365c,1365a,3,4,1,3,2,1,0,3,2,2,2,1,1,2,2,1,2,2,1
1365c,1365b,0,4,1,3,2,2,1,0,2,2,2,1,1,2,2,1,2,2,1
0365a,0365b,2,1,1,3,0,2,0,2,1,0,2,1,0,2,2,0,1,2,1
0365a,0365c,0,4,0,3,0,1,1,2,1,0,2,1,0,2,2,0,1,2,1
1336a,1336b,3,1,1,3,2,3,0,4,2,0,1,1,2,2,2,0,0,2,1
1336a,1336c,0,1,1,0,2,3,0,0,2,0,1,1,2,2,2,0,0,2,1
1336b,1336c,0,1,1,0,2,3,0,0,2,3,1,1,3,2,3,0,4,2,1
0336a,0336c,3,2,1,2,2,2,0,1,1,1,2,1,3,2,2,1,3,2,1
0338a,0338c,0,1,1,3,2,2,1,2,1,2,4,1,0,2,3,0,1,2,1
0301a,0301b,1,1,1,2,2,3,0,0,2,1,0,1,0,2,2,1,4,2,1
0301a,0301c,3,1,1,4,0,2,0,1,2,1,0,1,0,2,2,1,4,2,1
1441a,1441b,2,0,1,0,0,2,0,2,2,1,1,1,1,2,2,2,1,2,1
1441a,1441c,1,1,1,1,2,2,1,1,1,1,1,1,1,2,2,2,1,2,1
1441b,1441c,1,1,1,1,2,2,1,1,1,2,0,1,0,0,2,0,2,2,1
1444a,1444b,1,0,1,1,2,2,0,0,1,0,1,1,0,2,3,0,3,2,1
1513b,1513a,2,0,1,3,2,3,0,3,2,2,0,1,3,2,3,0,2,2,1
1513b,1513c,1,1,1,0,1,2,1,1,2,2,0,1,3,2,3,0,2,2,1
0372a,0372b,1,1,1,3,1,2,1,2,2,1,1,1,3,2,1,0,1,1,1
1267c,1267a,2,1,1,0,2,2,2,2,1,1,0,1,0,2,2,0,1,1,1
1267c,1267b,2,2,1,2,2,2,0,1,2,1,0,1,0,2,2,0,1,1,1
1475b,1475c,3,1,1,3,0,1,3,4,2,3,1,0,3,2,2,0,3,2,1
1222c,1222a,2,1,0,2,2,1,0,3,2,0,1,1,0,2,2,1,2,1,1
1429b,1429c,0,0,1,3,2,2,0,0,2,2,1,1,0,0,2,0,1,1,1
1429b,1429a,1,2,1,2,2,2,1,0,1,2,1,1,0,0,2,0,1,1,1
1429c,1429a,1,2,1,2,2,2,1,0,1,0,0,1,3,2,2,0,0,2,1
1461b,1461c,2,4,1,3,2,1,0,3,2,2,2,1,0,2,1,0,0,2,1
1461b,1461a,1,0,1,1,2,0,0,1,2,2,2,1,0,2,1,0,0,2,1
1461c,1461a,1,0,1,1,2,0,0,1,2,2,4,1,3,2,1,0,3,2,1
0896a,0896c,1,1,1,0,2,3,1,4,2,3,1,1,1,2,3,0,3,2,1
0318c,0318b,1,2,1,0,0,2,0,0,2,3,2,1,3,2,2,0,4,2,1
0365b,0365c,0,4,0,3,0,1,1,2,1,2,1,1,3,0,2,0,2,1,1
0334a,0334b,2,0,1,0,2,2,3,1,2,2,0,1,0,2,3,0,0,2,1
0334a,0334c,1,4,1,3,0,2,0,0,2,2,0,1,0,2,3,0,0,2,1
1267a,1267b,2,2,1,2,2,2,0,1,2,2,1,1,0,2,2,2,2,1,1
0571a,0571c,1,0,1,1,0,1,0,1,1,2,4,1,3,2,3,0,1,2,1
1442b,1442c,1,1,1,0,0,2,0,2,1,2,2,1,3,2,2,1,4,2,1
0321a,0321b,3,2,1,3,2,2,1,4,2,2,1,1,3,2,1,1,2,1,1
1165b,1165c,3,0,2,4,0,2,3,2,2,0,1,1,2,2,2,1,2,2,1
0483a,0483b,1,1,1,0,0,3,1,2,1,2,2,1,3,2,2,0,1,1,1
1391b,1391a,3,4,1,3,2,3,0,3,2,3,4,1,0,2,2,1,4,2,1
0532b,0532c,2,2,1,3,2,3,0,2,2,2,1,1,3,0,2,0,1,1,1
1484b,1484c,1,1,1,0,0,1,2,2,1,1,1,1,0,2,1,1,2,1,1
0429b,0429a,2,0,1,3,2,3,0,4,2,1,1,1,3,2,3,1,4,2,1
0510c,0510b,0,1,1,3,0,3,3,3,1,3,1,1,1,2,1,1,0,2,1
1174a,1174b,2,0,1,3,3,2,1,4,2,1,1,1,1,2,3,0,4,2,1
1547a,1547b,2,0,1,1,2,1,0,2,2,2,4,1,1,2,1,0,2,2,1
1547a,1547c,2,0,1,3,2,3,0,0,2,2,4,1,1,2,1,0,2,2,1
1547b,1547c,2,0,1,3,2,3,0,0,2,2,0,1,1,2,1,0,2,2,1
0337a,0337b,3,4,1,3,2,2,3,4,2,2,1,1,3,2,2,3,2,1,1
0337a,0337c,3,4,1,1,2,1,1,3,2,2,1,1,3,2,2,3,2,1,1
0354b,0354a,2,1,1,4,2,1,0,4,2,3,1,1,0,2,3,1,4,2,1
0354b,0354c,1,0,0,1,0,1,3,2,2,3,1,1,0,2,3,1,4,2,1
1153b,1153c,2,1,1,0,1,2,0,1,2,0,4,1,3,2,2,1,2,2,1
1552a,1552b,2,1,1,3,2,1,1,1,1,3,0,1,1,2,2,1,1,2,1
1552a,1552c,3,1,1,1,2,1,1,3,2,3,0,1,1,2,2,1,1,2,1
1552b,1552c,3,1,1,1,2,1,1,3,2,2,1,1,3,2,1,1,1,1,1
1039c,1039a,3,1,0,0,0,3,1,0,2,2,4,1,0,2,2,3,1,2,1
0560a,0560b,0,1,1,0,2,2,1,0,1,2,4,1,0,0,2,0,3,2,1
0334b,0334c,1,4,1,3,0,2,0,0,2,2,0,1,0,2,2,3,1,2,1
0597b,0597a,3,4,2,0,2,3,3,1,1,2,4,1,3,2,3,0,3,2,1
1513a,1513c,1,1,1,0,1,2,1,1,2,2,0,1,3,2,3,0,3,2,1
1374b,1374c,3,0,1,0,2,1,0,3,2,1,1,1,0,2,2,2,2,1,1
1374b,1374a,3,2,0,2,2,3,0,4,2,1,1,1,0,2,2,2,2,1,1
1374c,1374a,3,2,0,2,2,3,0,4,2,3,0,1,0,2,1,0,3,2,1
0313c,0313b,2,1,0,2,2,2,0,0,2,0,1,1,3,2,2,1,1,1,1
0319a,0319c,2,0,0,0,2,2,0,2,2,2,4,1,0,2,3,1,2,2,1
0319a,0319b,1,1,1,1,2,3,0,2,1,2,4,1,0,2,3,1,2,2,1
0319c,0319b,1,1,1,1,2,3,0,2,1,2,0,0,0,2,2,0,2,2,1
0353a,0353b,2,1,1,1,2,1,1,2,1,2,1,1,3,1,2,0,2,2,1
0353a,0353c,1,2,1,1,2,3,0,1,2,2,1,1,3,1,2,0,2,2,1
1201a,1201b,2,0,1,0,2,3,0,4,2,0,1,1,0,2,2,2,3,2,1
1551a,1551b,1,1,1,0,2,1,1,1,1,0,1,1,0,2,2,3,3,2,1
1551a,1551c,2,4,1,3,2,2,3,2,2,0,1,1,0,2,2,3,3,2,1
1551b,1551c,2,4,1,3,2,2,3,2,2,1,1,1,0,2,1,1,1,1,1
0456b,0456c,2,2,1,0,2,3,0,3,2,0,1,1,1,2,2,0,1,1,1
0456b,0456a,2,1,0,2,2,2,0,3,2,0,1,1,1,2,2,0,1,1,1
0456c,0456a,2,1,0,2,2,2,0,3,2,2,2,1,0,2,3,0,3,2,1
1123c,1123b,0,2,1,0,2,2,1,1,2,3,4,1,3,2,2,1,4,2,1
1123c,1123a,2,1,2,1,0,1,1,2,1,3,4,1,3,2,2,1,4,2,1
1146a,1146b,2,0,1,3,2,1,1,1,2,0,4,1,0,2,2,1,0,2,1
1146a,1146c,3,0,1,3,2,2,1,4,2,0,4,1,0,2,2,1,0,2,1
1146b,1146c,3,0,1,3,2,2,1,4,2,2,0,1,3,2,1,1,1,2,1
1204a,1204b,2,1,1,3,1,3,0,4,2,0,0,1,0,2,2,1,0,2,1
0492a,0492b,2,0,1,0,2,1,1,3,2,3,4,1,1,2,2,0,4,2,1
0492a,0492c,2,0,1,1,2,1,0,1,2,3,4,1,1,2,2,0,4,2,1
0492b,0492c,2,0,1,1,2,1,0,1,2,2,0,1,0,2,1,1,3,2,1
0555b,0555c,3,0,1,1,2,2,0,4,2,1,1,1,0,1,2,0,2,2,1
0555b,0555a,1,4,0,2,0,2,3,4,1,1,1,1,0,1,2,0,2,2,1
0555c,0555a,1,4,0,2,0,2,3,4,1,3,0,1,1,2,2,0,4,2,1
1335b,1335c,2,1,1,3,2,2,2,1,1,2,2,1,0,2,2,3,2,2,1
0301b,0301c,3,1,1,4,0,2,0,1,2,1,1,1,2,2,3,0,0,2,1
0594a,0594b,0,0,0,3,2,0,0,3,2,3,2,1,0,2,2,1,4,2,1
0594a,0594c,0,4,2,4,2,2,0,3,2,3,2,1,0,2,2,1,4,2,1
1497a,1497b,2,1,1,0,0,2,1,2,1,0,4,1,0,2,2,1,3,2,1
1497a,1497c,2,0,1,3,2,2,3,4,2,0,4,1,0,2,2,1,3,2,1
1497b,1497c,2,0,1,3,2,2,3,4,2,2,1,1,0,0,2,1,2,1,1
0373a,0373b,2,1,1,1,2,1,0,0,1,3,0,1,0,0,2,0,2,2,1
0373a,0373c,3,0,1,3,2,3,1,4,2,3,0,1,0,0,2,0,2,2,1
1091b,1091c,2,4,0,2,2,2,0,2,2,1,1,1,0,2,2,2,1,1,1
1091b,1091a,3,1,2,4,2,2,3,4,2,1,1,1,0,2,2,2,1,1,1
1123b,1123a,2,1,2,1,0,1,1,2,1,0,2,1,0,2,2,1,1,2,1
1521c,1521b,3,1,1,3,0,2,3,3,2,0,1,1,2,2,2,1,0,2,1
0373b,0373c,3,0,1,3,2,3,1,4,2,2,1,1,1,2,1,0,0,1,1
1431c,1431a,3,1,1,3,2,1,3,0,2,3,1,1,3,2,3,1,4,2,1
1493a,1493b,2,4,1,0,2,2,3,3,2,2,1,1,0,1,2,0,3,2,1
1508b,1508a,2,4,1,0,2,2,3,4,2,1,1,1,0,2,1,1,0,1,1
1508b,1508c,1,4,1,1,0,2,0,0,2,1,1,1,0,2,1,1,0,1,1
0431c,0431b,3,0,2,1,2,3,0,2,2,2,0,1,0,2,2,2,3,2,1
0431c,0431a,3,2,1,3,1,2,3,2,2,2,0,1,0,2,2,2,3,2,1
1365a,1365b,0,4,1,3,2,2,1,0,2,3,4,1,3,2,1,0,3,2,1
0538a,0538b,1,1,1,3,2,1,2,1,2,2,1,0,3,2,2,1,4,2,1
0538a,0538c,2,2,1,0,2,2,2,1,2,2,1,0,3,2,2,1,4,2,1
0538b,0538c,2,2,1,0,2,2,2,1,2,1,1,1,3,2,1,2,1,2,1
0445a,0445b,1,1,1,3,2,1,1,1,1,2,2,1,0,0,2,0,3,2,1
0445a,0445c,2,4,1,3,0,2,0,4,2,2,2,1,0,0,2,0,3,2,1
0445b,0445c,2,4,1,3,0,2,0,4,2,1,1,1,3,2,1,1,1,1,1
1440c,1440b,0,4,0,2,0,2,0,4,1,2,4,1,1,2,3,0,2,2,1
1450b,1450a,3,1,1,3,2,2,2,1,1,2,2,1,3,2,3,0,3,2,1
1450b,1450c,3,0,1,1,2,1,1,3,2,2,2,1,3,2,3,0,3,2,1
0363b,0363a,0,0,1,1,2,2,1,1,2,1,1,1,1,2,1,0,1,1,1
1171b,1171a,1,2,1,3,2,3,0,0,2,2,4,1,3,2,1,1,3,2,1
1426c,1426a,2,0,1,1,2,2,1,2,1,1,0,1,0,2,3,1,2,2,1
1430a,1430b,1,1,1,1,1,2,0,3,2,2,1,1,0,2,3,3,3,2,1
1430a,1430c,0,0,1,3,2,3,0,3,2,2,1,1,0,2,3,3,3,2,1
1504c,1504b,3,1,1,3,1,2,0,4,2,0,1,1,0,2,1,0,2,1,1
1504c,1504a,1,0,1,1,2,1,3,0,2,0,1,1,0,2,1,0,2,1,1
1417b,1417a,1,1,0,0,2,3,1,3,2,3,4,1,0,2,3,0,3,2,1
0451b,0451c,1,0,1,1,2,2,0,2,1,2,1,1,3,0,2,1,2,1,1
1485a,1485b,0,1,1,3,2,1,1,2,1,3,4,1,0,2,2,2,2,2,1
1485a,1485c,3,4,1,3,2,3,1,3,2,3,4,1,0,2,2,2,2,2,1
1328a,1328b,1,2,1,0,2,2,3,2,2,3,1,1,2,2,3,0,0,2,1
1328a,1328c,1,1,1,3,2,2,2,1,1,3,1,1,2,2,3,0,0,2,1
1328b,1328c,1,1,1,3,2,2,2,1,1,1,2,1,0,2,2,3,2,2,1
1465a,1465b,0,1,1,1,2,1,1,2,2,3,4,1,0,2,2,3,2,2,1
1465a,1465c,1,2,0,2,2,2,0,2,2,3,4,1,0,2,2,3,2,2,1
1465b,1465c,1,2,0,2,2,2,0,2,2,0,1,1,1,2,1,1,2,2,1
1253a,1253b,0,1,1,1,2,1,1,1,1,3,0,1,0,2,2,3,2,2,1
1253a,1253c,2,0,0,2,2,2,0,0,2,3,0,1,0,2,2,3,2,2,1
1495a,1495b,1,1,1,2,2,1,1,0,2,2,1,0,3,2,1,0,3,2,1
1495a,1495c,1,1,1,0,0,2,1,2,1,2,1,0,3,2,1,0,3,2,1
1495b,1495c,1,1,1,0,0,2,1,2,1,1,1,1,2,2,1,1,0,2,1
0551c,0551a,2,1,1,1,2,0,1,3,2,3,2,1,0,0,2,0,2,2,1
1538a,1538c,0,2,1,0,2,1,1,0,2,1,1,1,3,2,3,1,2,1,1
1538a,1538b,2,2,1,3,0,2,0,1,1,1,1,1,3,2,3,1,2,1,1
0353b,0353c,1,2,1,1,2,3,0,1,2,2,1,1,1,2,1,1,2,1,1
0380a,0380b,1,3,2,3,3,2,0,2,2,1,4,1,3,2,2,3,1,2,1
1240a,1240b,1,1,1,1,0,1,0,3,2,1,0,1,3,2,2,3,1,2,1
1240a,1240c,2,1,0,0,2,3,1,1,2,1,0,1,3,2,2,3,1,2,1
1350a,1350c,1,4,1,3,0,1,2,1,1,3,1,1,0,2,3,1,2,1,1
1421a,1421b,3,1,1,3,2,2,2,2,1,1,0,1,0,2,2,3,3,2,1
1325a,1325b,0,1,1,1,2,2,1,2,1,3,1,1,0,1,2,0,1,2,1
1325a,1325c,1,4,1,3,2,3,1,2,2,3,1,1,0,1,2,0,1,2,1
1325b,1325c,1,4,1,3,2,3,1,2,2,0,1,1,1,2,2,1,2,1,1
0440c,0440b,2,1,1,2,0,2,1,0,1,3,4,1,0,2,1,0,4,2,1
0440c,0440a,2,0,0,2,2,2,0,4,2,3,4,1,0,2,1,0,4,2,1
0587a,0587b,0,1,1,0,2,1,1,0,1,1,1,1,2,2,2,2,0,2,1
0587a,0587c,1,4,0,3,2,3,1,3,2,1,1,1,2,2,2,2,0,2,1
1221a,1221c,2,1,1,0,2,0,0,3,2,3,4,1,0,2,2,2,1,2,1
0348a,0348b,1,1,1,1,0,1,0,2,1,3,0,1,0,2,1,0,4,2,1
0348a,0348c,3,1,0,2,2,2,3,3,2,3,0,1,0,2,1,0,4,2,1
0474b,0474c,3,4,1,0,2,2,3,1,2,2,1,1,3,2,3,3,3,2,1
1405b,1405c,2,3,1,0,2,2,0,1,2,1,1,1,0,0,2,1,1,1,1
0496a,0496e,2,1,0,1,2,3,0,2,2,3,4,1,0,2,3,1,2,2,1
1409b,1409a,3,4,1,3,0,2,0,4,2,1,1,1,3,2,3,3,1,2,1
1409b,1409c,0,2,1,0,0,2,1,2,1,1,1,1,3,2,3,3,1,2,1
1533b,1533c,1,2,1,3,2,1,0,1,1,1,0,1,0,2,3,0,4,2,1
1533b,1533a,3,3,0,3,2,2,0,3,2,1,0,1,0,2,3,0,4,2,1
0340a,0340b,1,4,1,1,2,1,0,3,2,3,0,1,0,2,3,1,2,2,1
0340a,0340c,1,0,1,1,2,1,0,3,2,3,0,1,0,2,3,1,2,2,1
0340b,0340c,1,0,1,1,2,1,0,3,2,1,4,1,1,2,1,0,3,2,1
0413a,0413b,1,1,1,3,0,1,2,2,1,1,1,1,1,2,3,0,1,1,1
1368b,1368c,2,1,1,3,0,1,2,0,1,3,1,1,1,2,2,3,4,2,1
0507a,0507b,0,1,1,3,2,1,1,4,2,1,1,1,3,0,2,1,2,1,1
0507a,0507c,3,4,1,1,2,1,0,1,2,1,1,1,3,0,2,1,2,1,1
0507b,0507c,3,4,1,1,2,1,0,1,2,0,1,1,3,2,1,1,4,2,1
1546b,1546c,3,0,1,0,2,1,1,3,2,3,1,1,0,0,3,0,3,2,1
1546b,1546a,1,1,0,3,2,1,1,2,1,3,1,1,0,0,3,0,3,2,1
1546c,1546a,1,1,0,3,2,1,1,2,1,3,0,1,0,2,1,1,3,2,1
0563a,0563c,1,4,1,1,0,3,0,2,2,1,1,1,1,0,2,0,2,1,1
1450a,1450c,3,0,1,1,2,1,1,3,2,3,1,1,3,2,2,2,1,1,1
1360a,1360c,0,1,1,2,1,2,1,1,1,3,1,0,2,2,2,0,2,2,1
0923a,0923c,1,1,1,2,2,3,0,4,2,2,1,1,1,1,2,0,2,2,1
0403c,0403a,2,0,2,1,0,1,0,1,1,1,0,0,0,2,2,0,3,2,1
0471a,0471b,0,0,1,0,1,2,0,2,2,1,4,1,1,2,3,0,1,2,1
0471a,0471c,0,0,1,3,2,1,1,2,1,1,4,1,1,2,3,0,1,2,1
1367a,1367b,1,1,0,1,2,1,0,3,2,2,0,1,1,2,2,3,2,2,1
1367a,1367c,1,1,1,3,2,0,0,3,2,2,0,1,1,2,2,3,2,2,1
1099a,1099c,2,4,0,2,2,2,0,3,2,2,1,1,3,0,2,2,3,2,1
1508a,1508c,1,4,1,1,0,2,0,0,2,2,4,1,0,2,2,3,4,2,1
1319a,1319b,2,4,2,3,2,2,2,1,2,2,0,1,0,2,2,3,4,2,1
1319a,1319c,1,0,1,0,2,0,1,4,2,2,0,1,0,2,2,3,4,2,1
0327c,0327b,0,1,1,1,1,2,0,3,2,1,1,1,1,2,1,1,2,1,1
0327c,0327a,3,1,1,1,2,0,0,4,2,1,1,1,1,2,1,1,2,1,1
1178a,1178b,3,0,1,3,2,2,3,1,2,3,4,1,3,0,2,0,3,2,1
1178a,1178c,2,4,1,3,0,2,1,0,2,3,4,1,3,0,2,0,3,2,1
1178b,1178c,2,4,1,3,0,2,1,0,2,3,0,1,3,2,2,3,1,2,1
0593b,0593c,1,1,1,1,2,3,0,0,1,3,4,1,0,2,2,3,3,2,1
0457a,0457c,0,2,1,0,0,2,0,3,2,2,3,1,3,2,2,0,1,2,1
0457a,0457b,1,4,0,1,0,2,0,1,1,2,3,1,3,2,2,0,1,2,1
0421b,0421c,1,0,1,1,2,2,1,1,1,2,0,1,1,0,2,0,0,2,1
0421b,0421a,3,2,1,3,2,3,3,3,2,2,0,1,1,0,2,0,0,2,1
0521a,0521b,1,1,1,0,1,1,0,0,2,2,1,1,1,2,1,3,0,2,1
0521a,0521c,3,1,2,1,0,2,1,3,2,2,1,1,1,2,1,3,0,2,1
1477a,1477b,1,1,1,1,0,2,0,1,1,3,0,1,3,2,1,1,0,2,1
1477a,1477c,3,1,1,2,2,2,1,0,1,3,0,1,3,2,1,1,0,2,1
1477b,1477c,3,1,1,2,2,2,1,0,1,1,1,1,1,0,2,0,1,1,1
0355a,0355b,1,4,1,0,0,2,1,1,1,3,2,1,3,2,3,0,3,2,1
1499b,1499c,2,0,1,3,0,2,1,3,2,2,1,1,2,2,2,3,4,2,1
1496a,1496c,2,1,1,1,0,2,2,2,1,2,4,1,1,2,1,0,4,2,1
1140c,1140a,3,4,0,2,2,1,1,3,2,2,4,1,2,2,1,0,1,2,1
1140c,1140b,0,0,1,3,0,1,1,2,1,2,4,1,2,2,1,0,1,2,1
1086b,1086c,2,1,1,1,0,1,1,2,1,0,1,1,1,2,2,1,0,1,1
1224c,1224b,2,4,2,4,3,3,3,4,2,1,0,1,1,2,1,1,2,2,1
1286a,1286b,3,4,1,0,2,3,0,4,2,1,2,1,3,2,1,1,3,2,1
1286a,1286c,2,1,1,1,2,1,3,3,2,1,2,1,3,2,1,1,3,2,1
1286b,1286c,2,1,1,1,2,1,3,3,2,3,4,1,0,2,3,0,4,2,1
1408c,1408a,3,1,0,3,2,1,0,3,2,0,1,1,0,0,2,0,2,1,1
1408c,1408b,1,1,0,1,0,3,0,2,1,0,1,1,0,0,2,0,2,1,1
0892a,0892c,3,2,0,2,2,2,1,0,2,1,0,1,1,2,3,0,0,2,1
1240b,1240c,2,1,0,0,2,3,1,1,2,1,1,1,1,0,1,0,3,2,1
0473a,0473b,1,4,1,1,0,3,0,3,2,1,2,1,0,0,2,1,1,2,1
0473a,0473c,1,1,1,3,2,3,2,4,1,1,2,1,0,0,2,1,1,2,1
1567c,1567b,3,1,0,2,2,2,0,0,2,2,4,1,4,2,2,0,2,2,1
1208a,1208b,1,0,1,0,2,1,0,1,1,0,4,1,0,0,2,0,2,2,1
1208a,1208c,0,1,1,0,2,1,3,2,2,0,4,1,0,0,2,0,2,2,1
1208b,1208c,0,1,1,0,2,1,3,2,2,1,0,1,0,2,1,0,1,1,1
1408a,1408b,1,1,0,1,0,3,0,2,1,3,1,0,3,2,1,0,3,2,1
0351a,0351b,1,1,1,1,3,2,1,3,2,1,2,0,0,2,2,0,3,2,1
0969a,0969c,3,4,1,3,2,2,2,3,2,2,2,1,1,2,2,1,2,1,1
0969a,0969b,2,0,1,1,2,1,1,2,1,2,2,1,1,2,2,1,2,1,1
0969c,0969b,2,0,1,1,2,1,1,2,1,3,4,1,3,2,2,2,3,2,1
0405c,0405a,3,0,1,0,2,3,1,2,1,1,0,1,1,2,2,1,2,1,1
0405c,0405b,1,0,1,4,0,2,0,1,2,1,0,1,1,2,2,1,2,1,1
0368b,0368c,3,1,0,2,2,3,2,2,2,3,0,1,3,0,2,1,2,2,1
0522b,0522c,3,1,2,4,0,2,0,3,2,2,1,0,2,2,2,0,4,2,1
1194a,1194b,2,4,0,1,2,2,0,1,2,3,1,1,1,2,1,1,2,1,1
1194a,1194c,2,1,2,1,2,2,0,3,2,3,1,1,1,2,1,1,2,1,1
1194b,1194c,2,1,2,1,2,2,0,3,2,2,4,0,1,2,2,0,1,2,1
1197a,1197c,1,2,1,0,0,2,0,4,2,1,4,1,3,0,2,1,0,2,1
1197a,1197b,0,0,1,4,2,3,0,4,2,1,4,1,3,0,2,1,0,2,1
1197c,1197b,0,0,1,4,2,3,0,4,2,1,2,1,0,0,2,0,4,2,1
1303a,1303b,3,1,0,2,2,2,0,3,2,3,4,1,0,0,2,0,4,2,1
1273a,1273c,1,1,1,3,1,1,3,1,2,1,2,1,0,0,2,1,0,2,1
1294a,1294b,1,1,1,0,2,0,0,3,2,1,0,1,0,2,1,0,0,1,1
1294a,1294c,3,0,1,3,2,3,1,0,2,1,0,1,0,2,1,0,0,1,1
1294b,1294c,3,0,1,3,2,3,1,0,2,1,1,1,0,2,0,0,3,2,1
1254a,1254b,2,1,0,2,2,2,1,3,2,1,1,1,1,2,1,3,3,2,1
0421c,0421a,3,2,1,3,2,3,3,3,2,1,0,1,1,2,2,1,1,1,1
1485b,1485c,3,4,1,3,2,3,1,3,2,0,1,1,3,2,1,1,2,1,1
1409a,1409c,0,2,1,0,0,2,1,2,1,3,4,1,3,0,2,0,4,2,1
0556a,0556b,0,2,0,1,0,2,1,1,1,2,1,1,1,0,2,0,4,1,1
0556a,0556c,0,1,0,1,0,3,1,0,1,2,1,1,1,0,2,0,4,1,1
0314c,0314a,1,1,1,0,2,1,2,1,1,1,1,1,3,2,0,0,0,2,1
0587b,0587c,1,4,0,3,2,3,1,3,2,0,1,1,0,2,1,1,0,1,1
0547a,0547c,1,2,1,3,2,1,2,1,1,2,2,0,1,2,2,0,1,2,1
0927a,0927b,1,4,1,1,2,3,1,1,2,1,0,1,0,0,2,0,2,1,1
0927a,0927c,2,1,0,2,2,1,0,1,2,1,0,1,0,0,2,0,2,1,1
0927b,0927c,2,1,0,2,2,1,0,1,2,1,4,1,1,2,3,1,1,2,1
1367b,1367c,1,1,1,3,2,0,0,3,2,1,1,0,1,2,1,0,3,2,1
1430b,1430c,0,0,1,3,2,3,0,3,2,1,1,1,1,1,2,0,3,2,1
0564a,0564b,2,2,1,2,0,2,1,1,1,2,1,1,0,2,3,3,2,1,1
0564a,0564c,0,1,1,1,1,1,0,3,2,2,1,1,0,2,3,3,2,1,1
1533c,1533a,3,3,0,3,2,2,0,3,2,1,2,1,3,2,1,0,1,1,1
1196a,1196b,0,2,1,0,2,2,1,2,1,0,1,1,3,2,2,2,1,1,1
1196a,1196c,1,1,1,1,2,3,3,3,2,0,1,1,3,2,2,2,1,1,1
1196b,1196c,1,1,1,1,2,3,3,3,2,0,2,1,0,2,2,1,2,1,1
1511b,1511c,1,1,0,1,0,3,1,0,1,0,1,0,2,2,2,0,2,2,1
1501c,1501b,3,1,1,2,2,1,1,0,1,0,1,1,0,0,2,1,2,1,1
1501c,1501a,1,3,1,0,2,3,1,3,2,0,1,1,0,0,2,1,2,1,1
1504b,1504a,1,0,1,1,2,1,3,0,2,3,1,1,3,1,2,0,4,2,1
0337b,0337c,3,4,1,1,2,1,1,3,2,3,4,1,3,2,2,3,4,2,1
0546c,0546b,3,1,1,3,1,3,0,1,2,2,0,1,3,2,1,3,1,2,1
0333c,0333a,2,1,1,3,2,1,2,0,1,3,2,1,1,2,1,1,1,2,1
1212a,1212c,2,0,1,0,0,2,2,2,1,2,1,1,0,0,2,2,2,1,1
1358a,1358b,3,4,0,1,2,2,0,1,2,2,1,1,1,1,2,0,4,2,1
1358a,1358c,3,4,1,1,2,3,1,1,2,2,1,1,1,1,2,0,4,2,1
1358b,1358c,3,4,1,1,2,3,1,1,2,3,4,0,1,2,2,0,1,2,1
0457c,0457b,1,4,0,1,0,2,0,1,1,0,2,1,0,0,2,0,3,2,1
0354a,0354c,1,0,0,1,0,1,3,2,2,2,1,1,4,2,1,0,4,2,1
0516a,0516b,0,1,0,2,2,2,0,1,2,2,0,1,0,0,3,0,3,2,1
1538c,1538b,2,2,1,3,0,2,0,1,1,0,2,1,0,2,1,1,0,2,1
1091c,1091a,3,1,2,4,2,2,3,4,2,2,4,0,2,2,2,0,2,2,1
0488b,0488c,1,4,0,1,2,2,0,4,2,2,0,0,0,2,1,0,0,2,1
1447b,1447c,1,1,0,1,2,2,2,2,2,1,4,1,0,2,2,2,1,1,1
1377a,1377b,0,1,1,0,1,2,1,0,2,2,2,1,3,0,3,0,2,2,1
1377a,1377c,2,1,0,2,2,3,0,3,2,2,2,1,3,0,3,0,2,2,1
0518a,0518b,1,1,1,0,0,1,1,2,1,2,1,1,0,0,2,2,1,1,1
0518a,0518c,3,4,1,1,2,3,0,4,2,2,1,1,0,0,2,2,1,1,1
0518b,0518c,3,4,1,1,2,3,0,4,2,1,1,1,0,0,1,1,2,1,1
0521b,0521c,3,1,2,1,0,2,1,3,2,1,1,1,0,1,1,0,0,2,1
1363b,1363a,0,0,1,1,2,3,2,3,2,0,1,1,1,0,2,0,2,1,1
1363b,1363c,0,1,0,1,0,2,0,1,1,0,1,1,1,0,2,0,2,1,1
1234b,1234c,2,1,0,2,2,3,0,2,2,3,0,1,1,2,3,0,4,2,1
0950a,0950b,1,0,1,3,0,1,0,3,2,2,1,1,3,0,2,2,2,1,1
1443c,1443b,2,1,1,2,0,2,2,0,1,0,1,1,1,2,1,1,2,1,1
0324b,0324c,1,1,0,4,2,2,0,3,2,0,1,1,3,0,2,1,1,1,1
0324b,0324a,0,2,1,0,1,2,1,3,2,0,1,1,3,0,2,1,1,1,1
1155b,1155a,1,1,0,2,2,1,1,0,2,1,1,1,3,0,1,1,2,1,1
1155b,1155c,1,0,1,0,2,0,0,3,2,1,1,1,3,0,1,1,2,1,1
0348b,0348c,3,1,0,2,2,2,3,3,2,1,1,1,1,0,1,0,2,1,1
1253b,1253c,2,0,0,2,2,2,0,0,2,0,1,1,1,2,1,1,1,1,1
0405a,0405b,1,0,1,4,0,2,0,1,2,3,0,1,0,2,3,1,2,1,1
0525a,0525b,2,3,0,0,2,2,0,3,2,1,2,1,3,2,1,1,1,1,1
0525a,0525c,1,1,1,2,2,1,2,1,1,1,2,1,3,2,1,1,1,1,1
0517b,0517c,1,1,1,3,0,2,3,2,1,3,0,1,3,0,1,0,3,2,1
0517b,0517a,3,0,1,0,2,0,1,1,2,3,0,1,3,0,1,0,3,2,1
0517c,0517a,3,0,1,0,2,0,1,1,2,1,1,1,3,0,2,3,2,1,1
0537b,0537c,2,2,1,3,2,2,2,0,1,2,1,0,3,0,2,1,4,2,1
0440b,0440a,2,0,0,2,2,2,0,4,2,2,1,1,2,0,2,1,0,1,1
1394c,1394b,3,1,0,1,2,1,1,3,2,3,2,1,0,2,2,3,2,1,1
1501b,1501a,1,3,1,0,2,3,1,3,2,3,1,1,2,2,1,1,0,1,1
1377b,1377c,2,1,0,2,2,3,0,3,2,0,1,1,0,1,2,1,0,2,1
1164a,1164b,2,1,1,2,1,2,1,1,2,2,1,0,2,2,1,1,1,2,1
1036b,1036c,1,4,1,0,0,2,2,0,2,2,2,0,2,2,2,0,0,2,1
0328b,0328a,3,1,0,2,2,3,0,2,2,0,2,1,1,2,3,0,3,2,1
0535a,0535b,0,0,1,2,2,2,1,4,2,2,4,1,1,2,2,2,1,1,1
0535a,0535c,1,2,1,3,2,1,3,3,2,2,4,1,1,2,2,2,1,1,1
0535b,0535c,1,2,1,3,2,1,3,3,2,0,0,1,2,2,2,1,4,2,1
0324c,0324a,0,2,1,0,1,2,1,3,2,1,1,0,4,2,2,0,3,2,1
0390c,0390a,0,0,1,0,1,2,1,2,2,2,0,1,0,1,2,1,3,2,1
1181b,1181c,2,2,1,0,0,3,0,4,2,2,1,0,2,2,1,1,0,2,1
0327b,0327a,3,1,1,1,2,0,0,4,2,0,1,1,1,1,2,0,3,2,1
0569a,0569b,0,0,1,2,2,1,1,1,2,1,1,0,2,2,3,0,3,2,1
0315b,0315a,2,4,0,2,2,3,0,3,2,2,1,0,2,2,1,1,3,2,1
0924a,0924b,1,0,1,3,0,2,1,0,1,2,2,1,3,1,2,1,2,2,1
0924a,0924c,0,1,1,0,2,1,2,1,1,2,2,1,3,1,2,1,2,2,1
0924b,0924c,0,1,1,0,2,1,2,1,1,1,0,1,3,0,2,1,0,1,1
0350c,0350a,3,2,1,0,1,2,1,3,2,2,0,1,0,1,1,0,2,2,1
0489b,0489a,1,4,2,0,2,3,1,2,2,1,0,1,0,2,3,3,4,2,1
1155a,1155c,1,0,1,0,2,0,0,3,2,1,1,0,2,2,1,1,0,2,1
0302a,0302c,3,1,0,2,2,3,0,3,2,2,0,1,1,0,2,1,1,1,1
0302a,0302b,2,2,2,4,3,3,3,4,2,2,0,1,1,0,2,1,1,1,1
0302c,0302b,2,2,2,4,3,3,3,4,2,3,1,0,2,2,3,0,3,2,1
0471b,0471c,0,0,1,3,2,1,1,2,1,0,0,1,0,1,2,0,2,2,1
1383b,1383c,1,1,1,1,0,2,2,2,1,3,2,1,3,0,2,1,2,1,1
1323a,1323b,1,1,0,2,2,1,1,3,2,2,0,1,1,2,3,2,3,2,1
1323a,1323c,1,0,1,1,2,2,3,0,1,2,0,1,1,2,3,2,3,2,1
1323b,1323c,1,0,1,1,2,2,3,0,1,1,1,0,2,2,1,1,3,2,1
0473b,0473c,1,1,1,3,2,3,2,4,1,1,4,1,1,0,3,0,3,2,1
0357b,0357a,3,4,1,1,2,3,2,3,2,2,1,0,0,0,2,2,3,2,1
0357b,0357c,0,2,1,1,0,2,0,1,1,2,1,0,0,0,2,2,3,2,1
0311a,0311c,0,0,1,0,0,2,2,1,1,1,2,1,1,2,1,3,3,2,1
0463a,0463b,0,0,0,3,2,3,0,3,2,1,1,1,0,0,3,3,4,2,1
1259a,1259b,1,0,1,3,2,1,2,2,1,1,4,0,0,2,3,1,3,2,1
1259a,1259c,0,1,1,0,0,2,2,1,1,1,4,0,0,2,3,1,3,2,1
1259b,1259c,0,1,1,0,0,2,2,1,1,1,0,1,3,2,1,2,2,1,1
0525b,0525c,1,1,1,2,2,1,2,1,1,2,3,0,0,2,2,0,3,2,1
1191b,1191c,3,4,1,3,2,3,3,4,2,3,4,0,1,2,1,0,3,2,1
0357a,0357c,0,2,1,1,0,2,0,1,1,3,4,1,1,2,3,2,3,2,1
0434c,0434a,3,0,0,2,0,3,3,0,2,0,1,0,2,2,3,0,3,2,1
0450c,0450b,1,2,0,1,0,2,0,2,1,1,1,0,0,0,1,0,1,1,1
1152a,1152c,0,0,1,1,2,1,1,1,1,3,4,0,2,2,1,0,2,2,1
0564b,0564c,0,1,1,1,1,1,0,3,2,2,2,1,2,0,2,1,1,1,1
0585b,0585c,0,1,0,2,2,1,1,0,2,3,1,2,3,2,3,1,4,2,1
1319b,1319c,1,0,1,0,2,0,1,4,2,2,4,2,3,2,2,2,1,2,1
0323c,0323a,3,4,2,4,2,2,3,2,2,1,0,1,1,0,1,0,0,1,1
0323c,0323b,3,0,0,1,0,3,1,1,1,1,0,1,1,0,1,0,0,1,1
0385c,0385a,0,0,1,2,2,3,3,0,2,2,2,1,0,1,2,2,1,2,1
0540a,0540c,2,1,0,4,0,2,0,3,2,3,3,1,1,2,3,0,3,2,1
1363a,1363c,0,1,0,1,0,2,0,1,1,0,0,1,1,2,3,2,3,2,1
1500a,1500b,0,2,1,0,0,2,2,2,1,3,4,1,4,2,3,1,3,2,1
1271a,1271b,3,4,2,2,0,2,1,3,2,1,1,1,2,0,1,1,4,1,1
1271a,1271c,0,1,2,4,2,2,2,2,2,1,1,1,2,0,1,1,4,1,1
0469a,0469b,3,2,1,2,0,2,1,1,1,2,3,1,1,2,2,3,4,2,1
0469a,0469c,2,0,1,1,0,2,3,0,1,2,3,1,1,2,2,3,4,2,1
0469b,0469c,2,0,1,1,0,2,3,0,1,3,2,1,2,0,2,1,1,1,1
0873a,0873b,3,0,2,3,0,2,0,3,2,2,2,0,2,2,2,3,0,2,1
0431b,0431a,3,2,1,3,1,2,3,2,2,3,0,2,1,2,3,0,2,2,1
0460b,0460c,2,4,2,1,2,2,2,1,2,1,4,0,0,2,3,3,3,2,1
0347a,0347b,1,1,0,0,0,2,2,0,1,2,4,1,3,0,3,1,4,1,1
1140a,1140b,0,0,1,3,0,1,1,2,1,3,4,0,2,2,1,1,3,2,1
0375c,0375b,1,3,0,1,0,2,0,2,1,2,4,1,4,2,2,2,1,1,1
1406a,1406b,1,0,0,1,0,2,2,2,2,1,2,2,4,2,2,0,2,2,1
1406a,1406c,1,0,1,4,0,2,3,2,2,1,2,2,4,2,2,0,2,2,1
1406b,1406c,1,0,1,4,0,2,3,2,2,1,0,0,1,0,2,2,2,2,1
0911b,0911c,2,4,2,3,2,3,3,2,2,1,3,1,1,2,2,2,1,1,1
0401b,0401c,1,3,1,3,0,3,0,4,2,2,0,2,3,2,3,3,2,2,1
0376c,0376b,1,2,0,2,0,1,1,1,1,2,1,0,0,3,2,2,3,2,1
0317a,0317b,0,4,0,0,0,2,2,3,2,1,1,0,2,0,1,1,2,1,1
0317a,0317c,0,0,0,2,2,3,1,3,2,1,1,0,2,0,1,1,2,1,1
0317b,0317c,0,0,0,2,2,3,1,3,2,0,4,0,0,0,2,2,3,2,1
0387b,0387a,0,1,0,2,0,1,2,2,2,2,2,0,1,0,1,0,2,1,1
1198a,1198b,1,0,1,3,2,0,2,2,1,3,0,2,4,2,2,0,4,2,1
0549b,0549c,3,1,1,3,3,3,3,4,2,0,1,0,2,2,3,3,4,2,1
0594b,0594c,0,4,2,4,2,2,0,3,2,0,0,0,3,2,0,0,3,2,1
1271b,1271c,0,1,2,4,2,2,2,2,2,3,4,2,2,0,2,1,3,2,1
0556b,0556c,0,1,0,1,0,3,1,0,1,0,2,0,1,0,2,1,1,1,1
1414b,1414c,1,0,1,1,3,1,1,2,1,0,4,0,0,0,1,1,1,1,1
0323a,0323b,3,0,0,1,0,3,1,1,1,3,4,2,4,2,2,3,2,2,1
